landmark_id,first_frame_idx,last_frame_idx,slots_seen,creation_depth_m
0,0,1,LAE|MAE,4.185272232688144
1,0,1,LAE|MAE,4.527659998083135
2,0,1,LAE|MAE,4.912890680636475
3,0,1,LAE|MAE,8.206533421426316
4,0,3,LAE|MAE|SAE,5.714526433723612
5,0,1,LAE|MAE,3.5545065728601517
6,0,2,LAE|MAE,4.243712594595275
7,0,4,LAE|MAE,8.089273202966416
8,0,2,LAE|MAE,5.128463025007651
9,0,2,LAE|MAE,3.7798467950443206
10,0,1,LAE|MAE,4.542984527699493
11,0,1,LAE|MAE,5.621304522119347
12,0,2,LAE|MAE,3.3817758794257227
13,0,1,LAE|MAE,4.404784684677901
14,0,1,LAE|MAE,6.1374565908368925
15,0,3,LAE|MAE|SAE,6.758342395261304
16,0,1,LAE|MAE,0.9860864185598875
17,0,3,LAE|MAE|SAE,5.150647915744562
18,0,3,LAE|MAE|SAE,4.876209352941796
19,0,2,LAE|MAE,6.1290261296025
20,0,1,LAE|MAE,0.8246385417788292
21,0,1,LAE|MAE,5.683091433254859
22,0,1,LAE|MAE,9.898276143885122
23,0,1,LAE|MAE,5.23158942180632
24,0,1,LAE|MAE,8.166941641004401
25,0,1,LAE|MAE,4.435292391148196
26,0,17,LAE|MAE|SAE,25.55129746710615
27,0,3,LAE|MAE|SAE,4.047539448563184
28,0,2,LAE|MAE,7.496039789007585
29,0,4,LAE|MAE|SAE,5.252047474092661
30,0,1,LAE|MAE,3.2860638920947993
31,0,2,LAE|MAE,4.6339056591838945
32,0,1,LAE|MAE,1.3488946059389162
33,0,1,LAE|MAE,4.372279977671805
34,0,1,LAE|MAE,1.1405145083044164
35,0,1,LAE|MAE,10.523936475695384
36,0,1,LAE|MAE,4.412123570830283
37,0,4,LAE|MAE|SAE,6.0786163979315795
38,0,1,LAE|MAE,4.766565701774628
39,0,2,LAE|MAE,27.9150300376198
40,0,1,LAE|MAE,6.975699302951395
41,0,5,LAE|MAE,5.092956865874109
42,0,1,LAE|MAE,7.40533645514021
43,0,1,LAE|MAE,23.97691535200037
44,0,1,LAE|MAE,4.617015307042584
45,0,1,LAE|MAE,4.85785606860237
46,0,1,LAE|MAE,4.3208368418831435
47,0,1,LAE|MAE,5.053728170863487
48,0,2,LAE|MAE,5.498945637556833
49,0,1,LAE|MAE,4.99728309001308
50,0,2,LAE|MAE,8.322046300662288
51,0,2,LAE|MAE,4.473753815116808
52,0,2,LAE|MAE,5.0636522934565384
53,0,1,LAE|MAE,5.2265651474610975
54,0,2,LAE|MAE,12.467701715156597
55,0,3,LAE|MAE|SAE,6.563971635183576
56,0,1,LAE|MAE,25.087392893006296
57,0,1,LAE|MAE,20.59461536383614
58,0,1,LAE|MAE,5.18657029824848
59,0,1,LAE|MAE,8.517965693207083
60,0,1,LAE|MAE,6.664340493216385
61,0,5,LAE|MAE|SAE,7.337501469258599
62,0,3,LAE|MAE|SAE,9.161818722414258
63,0,1,LAE|MAE,5.078444958245134
64,0,1,LAE|MAE,1.8037578547577453
65,0,1,LAE|MAE,0.9793870429162213
66,0,1,LAE|MAE,3.282483336979363
67,0,4,LAE|MAE,5.979576280230122
68,0,1,LAE|MAE,7.25418859107017
69,0,2,LAE|MAE,4.739883478942047
70,0,1,LAE|MAE,15.17573426440612
71,0,16,LAE|MAE|SAE,31.61941211274308
72,0,3,LAE|MAE|SAE,4.898633648853973
73,0,1,LAE|MAE,10.832129216445756
74,0,1,LAE|MAE,3.3012879719202317
75,0,1,LAE|MAE,8.901062388754514
76,0,1,LAE|MAE,6.650408235651858
77,0,2,LAE|MAE,17.84769657616863
78,0,2,LAE|MAE,6.443743542497205
79,0,1,LAE|MAE,6.5455843247660175
80,0,1,LAE|MAE,9.398878570585161
81,0,1,LAE|MAE,5.470459906270563
82,0,1,LAE|MAE,5.135677293567192
83,0,3,LAE|MAE|SAE,5.682987040832126
84,0,3,LAE|MAE|SAE,5.0282557323929105
85,0,2,LAE|MAE,9.51328208389762
86,0,2,MAE,1.7720951418148665
87,0,2,MAE,14.269413833956799
88,0,2,MAE,7.880205088422916
89,0,2,MAE,1.4840159679986988
90,0,2,MAE,1.4444139746021802
91,0,2,MAE,2.293480500555147
92,0,2,MAE,10.786251385934955
93,0,2,MAE,1.9527344114887575
94,0,2,MAE,8.824756075771688
95,0,4,MAE|SAE,6.732813333415217
96,0,2,MAE,3.954661264004705
97,0,2,MAE,7.766508068632719
98,0,2,MAE,9.10606998837531
99,0,2,MAE,1.3119563418151303
100,0,2,MAE,1.590429868252243
101,0,2,MAE,16.018778279812167
102,0,3,MAE|SAE,7.249132196164565
103,0,2,MAE,1.7011635819006703
104,0,10,LAE|MAE|SAE,10.832620481019012
105,0,3,MAE|SAE,5.295419901120942
106,0,2,MAE,2.279431998880968
107,0,2,MAE,9.583203171302268
108,0,7,LAE|MAE|SAE,8.143589399234925
109,0,2,MAE,6.078917136828695
110,0,2,MAE,4.562103762464541
111,1,2,LAE|MAE,6.564558041060753
112,1,2,LAE|MAE,3.305515081735673
113,1,2,LAE|MAE,5.3626107870800785
114,1,2,LAE|MAE,24.373678089929765
115,1,2,LAE|MAE,1.349126414341659
116,1,2,LAE|MAE,4.146178939136433
117,1,2,LAE|MAE,5.626899295537216
118,1,2,LAE|MAE,6.3257396049117975
119,1,5,LAE|MAE,7.037703583279351
120,1,2,LAE|MAE,4.8163700286467135
121,1,3,LAE|MAE|SAE,6.948732129106041
122,1,2,LAE|MAE,4.840063811093128
123,1,3,LAE|MAE|SAE,6.180277067898394
124,1,2,LAE|MAE,14.838972823610385
125,1,2,LAE|MAE,1.5122163927464427
126,1,2,LAE|MAE,4.258594884740006
127,1,2,LAE|MAE,1.8653345124759708
128,1,2,LAE|MAE,3.297894882023788
129,1,6,LAE|MAE,6.7426081340328174
130,1,2,LAE|MAE,6.950784167513982
131,1,2,LAE|MAE,1.3352256552095194
132,1,2,LAE|MAE,4.922340527465329
133,1,2,LAE|MAE,5.91783561140671
134,1,2,LAE|MAE,5.015590083460372
135,1,2,LAE|MAE,6.508131361996268
136,1,2,LAE|MAE,4.348374775636528
137,1,2,LAE|MAE,4.953021840303591
138,1,2,LAE|MAE,5.878420429316754
139,1,2,LAE|MAE,6.93575116961487
140,0,3,MAE|SAE,6.5630263346705275
141,0,3,MAE|SAE,6.914103180879414
142,0,3,MAE|SAE,5.358491463723048
143,0,3,MAE|SAE,11.07513141515893
144,0,10,MAE|SAE,10.434003519816248
145,0,3,MAE|SAE,5.915977465715379
146,0,10,MAE|SAE,10.623354831683312
147,2,3,MAE|SAE,5.240399722641172
148,2,3,MAE|SAE,4.7299733758616735
149,2,9,LAE|MAE|SAE,5.482524274720422
150,2,3,MAE|SAE,4.482523247802711
151,2,3,MAE|SAE,4.52491319754216
152,2,6,LAE|MAE|SAE,6.343287035359239
153,0,4,MAE,22.234371794553788
154,1,4,LAE|MAE,5.6515538931477005
155,1,4,LAE|MAE,6.063148866413889
156,1,4,LAE|MAE,6.145859567533705
157,2,5,LAE|MAE,6.975350815020127
158,3,4,MAE|SAE,6.713181132085035
159,3,4,MAE|SAE,6.705982933948867
160,3,4,MAE|SAE,5.843347391404527
161,3,4,MAE|SAE,11.89868579074854
162,3,4,MAE|SAE,5.880355593483296
163,3,4,MAE|SAE,2.01680046271314
164,4,5,LAE|MAE,8.59408650399449
165,4,5,LAE|MAE,3.3531814162816684
166,4,5,LAE|MAE,2.115965961302314
167,4,6,LAE|MAE,4.964079983558242
168,4,5,LAE|MAE,5.169594930523276
169,4,5,LAE|MAE,4.620469576164778
170,2,7,MAE|SAE,9.584122147773995
171,3,6,MAE|SAE,9.072856518449324
172,3,10,LAE|MAE|SAE,9.397583452093386
173,4,6,MAE,8.059679235082472
174,5,6,LAE|MAE,4.4870822480061285
175,5,6,LAE|MAE,4.825285896897887
176,5,6,LAE|MAE,7.011854952523548
177,5,6,LAE|MAE,4.210390812249383
178,5,6,LAE|MAE,4.64813034195941
179,5,6,LAE|MAE,4.6672611118616185
180,5,6,LAE|MAE,4.594635922525828
181,5,6,LAE|MAE,3.886070850157353
182,6,10,LAE|MAE|SAE,7.269388085984279
183,6,10,LAE|MAE|SAE,7.482570274097311
184,6,10,LAE|MAE|SAE,7.605884572361479
185,6,7,MAE|SAE,4.685404577337301
186,6,7,MAE|SAE,3.0579294451951893
187,6,7,MAE|SAE,1.8998372614012649
188,6,7,MAE|SAE,6.747533472768167
189,6,7,MAE|SAE,3.0337009692965737
190,6,7,MAE|SAE,1.5987004982567061
191,6,7,MAE|SAE,1.837110560192736
192,6,7,MAE|SAE,3.157896755639778
193,6,7,MAE|SAE,2.958876432558826
194,5,9,LAE|MAE,7.861674784944703
195,5,9,LAE|MAE,7.990568004786429
196,6,12,LAE|MAE,12.685921676172088
197,7,8,MAE|SAE,2.650233233217519
198,7,8,MAE|SAE,2.741747249728138
199,7,10,LAE|MAE|SAE,6.321913535031586
200,7,8,MAE|SAE,3.0221970186148175
201,7,10,LAE|MAE|SAE,6.578019591117446
202,7,18,LAE|MAE|SAE,38.79591066355466
203,7,17,LAE|MAE|SAE,26.973452969924278
204,7,10,LAE|MAE|SAE,6.733149803804769
205,7,12,LAE|MAE|SAE,8.185986035698855
206,7,17,LAE|MAE|SAE,8.29614218181771
207,7,18,LAE|MAE|SAE,8.195797188931861
208,7,12,MAE|SAE,21.971535735117012
209,7,12,LAE|MAE|SAE,39.09410750487471
210,7,10,LAE|MAE|SAE,6.467271945186423
211,7,17,LAE|MAE|SAE,8.307601490424467
212,7,8,MAE|SAE,3.4500827550142943
213,7,8,MAE|SAE,3.3672933366987143
214,7,21,LAE|MAE|SAE,46.20805217763783
215,7,21,LAE|MAE|SAE,21.83442768102321
216,7,10,LAE|MAE|SAE,6.504392750335662
217,7,18,LAE|MAE|SAE,8.098086298007935
218,7,11,LAE|MAE|SAE,21.142790714675883
219,7,8,MAE|SAE,2.5669499536476965
220,8,12,LAE|MAE,41.10821409911288
221,8,10,LAE|MAE,5.446773156892522
222,8,11,LAE|MAE|SAE,47.969615866249214
223,8,17,LAE|MAE|SAE,40.82497348453283
224,8,14,LAE|MAE|SAE,5.67469533669937
225,8,12,LAE|MAE|SAE,5.404137876570616
226,8,10,LAE|MAE,42.4064774786585
227,8,9,LAE|MAE,15.179678253120906
228,8,13,LAE|MAE|SAE,7.249776722003731
229,8,12,LAE|MAE|SAE,5.653580303243849
230,8,11,LAE|MAE|SAE,5.61959344808305
231,8,18,LAE|MAE|SAE,7.159175469174998
232,8,12,LAE|MAE|SAE,54.215996801366
233,8,9,LAE|MAE,3.5567369326513436
234,8,9,LAE|MAE,52.88325073268507
235,8,14,LAE|MAE|SAE,7.32117515628152
236,7,17,LAE|MAE|SAE,22.53922945927767
237,7,21,LAE|MAE|SAE,24.825122709275675
238,7,15,MAE|SAE,22.002422232588515
239,7,11,MAE|SAE,5.048225100355529
240,7,10,MAE|SAE,6.310265976900682
241,7,17,LAE|MAE|SAE,39.92916561135242
242,7,16,LAE|MAE|SAE,13.929937810847004
243,7,11,MAE|SAE,6.553623829494955
244,8,11,MAE|SAE,19.141308258964557
245,8,10,MAE,5.180848495028952
246,8,14,LAE|MAE,50.70030731133223
247,9,10,LAE|MAE,4.903385246029054
248,9,10,LAE|MAE,47.13248292151084
249,9,10,LAE|MAE,50.79063674511592
250,9,10,LAE|MAE,4.8861500539721225
251,9,18,LAE|MAE|SAE,6.786489738952009
252,9,11,LAE|MAE|SAE,4.295478465826766
253,9,11,LAE|MAE|SAE,4.492190871535446
254,9,10,LAE|MAE,3.0734142713723704
255,9,17,LAE|MAE,20.987406937524888
256,9,10,LAE|MAE,6.633748592412766
257,9,12,LAE|MAE|SAE,3.948128227670952
258,9,13,LAE|MAE|SAE,45.9574171438869
259,9,10,LAE|MAE,4.726138781087121
260,9,10,LAE|MAE,4.7833025659757915
261,9,12,LAE|MAE|SAE,4.8170790501946525
262,9,14,LAE|MAE|SAE,6.51224318231694
263,9,11,LAE|MAE|SAE,4.621942163385352
264,9,12,LAE|MAE|SAE,4.520060665956235
265,9,10,LAE|MAE,4.724086348499027
266,9,12,LAE|MAE|SAE,4.400507075254612
267,9,10,LAE|MAE,4.835810101909201
268,9,10,LAE|MAE,4.667601956898206
269,9,11,LAE|MAE|SAE,4.7658617376337675
270,9,21,LAE|MAE|SAE,30.380864019955787
271,9,11,LAE|MAE|SAE,3.9846734877785877
272,9,17,LAE|MAE|SAE,24.838840487047257
273,9,10,LAE|MAE,4.801238313172435
274,9,10,LAE|MAE,8.394540305631047
275,9,13,LAE|MAE|SAE,6.729467690056756
276,9,12,LAE|MAE|SAE,6.393443856372076
277,9,13,LAE|MAE|SAE,48.63575427225461
278,9,13,LAE|MAE|SAE,6.727206071766286
279,9,11,LAE|MAE|SAE,4.638726049724569
280,9,10,LAE|MAE,30.0930557227582
281,9,12,LAE|MAE|SAE,3.617262293042281
282,9,13,LAE|MAE,6.353969133780278
283,9,17,LAE|MAE,17.902330791178947
284,9,17,LAE|MAE|SAE,29.011078047616802
285,9,17,LAE|MAE,40.297042290346
286,9,11,LAE|MAE|SAE,3.9091513667799944
287,9,20,LAE|MAE|SAE,17.569986860568086
288,9,13,LAE|MAE|SAE,6.485488764257497
289,9,10,LAE|MAE,4.800715724004201
290,9,10,LAE|MAE,4.4693187301968145
291,9,12,LAE|MAE|SAE,6.535875312811526
292,9,10,LAE|MAE,48.47497593082764
293,9,18,LAE|MAE|SAE,12.71794836455393
294,9,13,LAE|MAE,41.86095680810527
295,9,10,LAE|MAE,11.311418350735634
296,9,10,LAE|MAE,36.98229807714338
297,9,10,LAE|MAE,4.618780927820253
298,9,11,LAE|MAE|SAE,3.968294853398921
299,9,10,LAE|MAE,4.4707639700278605
300,9,13,LAE|MAE|SAE,6.390625100495613
301,9,10,LAE|MAE,4.827563873194592
302,9,12,LAE|MAE|SAE,13.991920009028899
303,9,11,LAE|MAE|SAE,4.387331380752004
304,9,21,LAE|MAE|SAE,17.30757272014419
305,9,12,LAE|MAE|SAE,6.484844913661804
306,9,15,LAE|MAE|SAE,7.816126970462126
307,9,12,LAE|MAE|SAE,6.567187949312482
308,9,10,LAE|MAE,4.6284046488835315
309,9,13,LAE|MAE|SAE,39.4399788797882
310,9,11,LAE|MAE|SAE,4.407759237927263
311,9,11,LAE|MAE|SAE,32.14732116985252
312,9,10,LAE|MAE,11.922730004779812
313,9,17,LAE|MAE|SAE,53.27695675155274
314,9,11,LAE|MAE|SAE,4.6382637356561345
315,9,10,LAE|MAE,4.813771396090511
316,9,10,LAE|MAE,3.7656905844276722
317,9,12,LAE|MAE|SAE,4.517310797333171
318,9,10,LAE|MAE,4.405687304335988
319,9,10,LAE|MAE,46.88960333813366
320,9,10,LAE|MAE,4.700747801567407
321,9,12,LAE|MAE|SAE,22.097271546209495
322,9,13,LAE|MAE,21.882260561110936
323,9,10,LAE|MAE,4.81994992754302
324,9,10,LAE|MAE,3.319114990302981
325,9,12,LAE|MAE|SAE,6.573792523061965
326,9,10,LAE|MAE,4.485625797153985
327,9,15,LAE|MAE|SAE,8.191235351348118
328,9,11,LAE|MAE|SAE,6.657081831583797
329,9,10,LAE|MAE,4.586289174054026
330,9,10,LAE|MAE,6.695035396383181
331,9,10,LAE|MAE,4.323729500275814
332,9,10,LAE|MAE,6.66627850603513
333,9,14,LAE|MAE,18.836984161397634
334,9,10,LAE|MAE,5.70475322593767
335,9,12,LAE|MAE|SAE,4.507201269730021
336,9,11,LAE|MAE|SAE,4.257931895731492
337,9,11,LAE|MAE|SAE,5.77597272075977
338,9,11,LAE|MAE|SAE,4.040247591107661
339,9,10,LAE|MAE,4.684587436277059
340,9,11,LAE|MAE|SAE,3.968233095878709
341,9,10,LAE|MAE,4.213240173898532
342,9,10,LAE|MAE,4.674038688388368
343,9,17,LAE|MAE|SAE,23.238027956889574
344,9,10,LAE|MAE,4.7631099279267755
345,9,10,LAE|MAE,6.277286970384735
346,9,12,LAE|MAE|SAE,4.696341399467334
347,7,11,SAE,25.218999148603732
348,7,21,LAE|MAE|SAE,48.97550617430666
349,8,13,LAE|MAE|SAE,50.9903375790584
350,10,12,MAE|SAE,3.2792083006781323
351,10,18,LAE|MAE|SAE,16.01113969658492
352,10,15,LAE|MAE|SAE,7.880609521036891
353,10,12,MAE|SAE,3.297205075290775
354,10,17,LAE|MAE|SAE,23.063647296363964
355,10,11,MAE|SAE,3.3656251942357085
356,10,12,MAE|SAE,12.991387476657987
357,10,14,LAE|MAE|SAE,7.963428194709275
358,10,13,LAE|MAE|SAE,19.253856521885186
359,10,11,MAE|SAE,3.039254632261589
360,10,11,MAE|SAE,3.74908668321561
361,10,12,MAE|SAE,3.2882070780117276
362,10,12,MAE|SAE,3.6982144961275014
363,10,11,MAE|SAE,3.2651560540278655
364,10,11,MAE|SAE,3.0354359538326636
365,10,11,MAE|SAE,2.2736971870057583
366,10,12,MAE|SAE,5.624278611859693
367,10,13,LAE|MAE|SAE,5.467369051484565
368,10,11,MAE|SAE,2.9818510465219985
369,10,12,MAE|SAE,12.202053940128428
370,10,15,LAE|MAE|SAE,7.726650459597163
371,10,11,MAE|SAE,3.658023028974385
372,10,12,MAE|SAE,3.3918099987463255
373,10,18,LAE|MAE|SAE,11.464081911207145
374,10,11,MAE|SAE,3.12735291376295
375,10,11,MAE|SAE,2.8919975012817782
376,10,17,LAE|MAE|SAE,21.668608701635467
377,10,14,LAE|MAE|SAE,16.73805697027049
378,10,15,LAE|MAE|SAE,7.876822184891537
379,10,17,LAE|MAE|SAE,24.15514805196046
380,10,12,MAE|SAE,5.489388506684105
381,10,11,MAE|SAE,3.3066238581780745
382,10,15,LAE|MAE|SAE,8.76325422480215
383,10,17,LAE|MAE|SAE,5.749526925258293
384,10,17,LAE|MAE|SAE,20.67409300723336
385,10,11,MAE|SAE,2.86969369682582
386,10,11,MAE|SAE,4.8936029876593015
387,10,21,LAE|MAE|SAE,43.728451206762216
388,10,14,LAE|MAE|SAE,5.709679970443064
389,10,11,MAE|SAE,3.244671824802315
390,10,11,MAE|SAE,3.5513429795949736
391,10,11,MAE|SAE,3.120044358507665
392,10,11,MAE|SAE,3.2931560834578786
393,10,12,MAE|SAE,7.823239503134126
394,10,12,MAE|SAE,3.0669837230055204
395,10,12,MAE|SAE,36.92174422882258
396,10,13,LAE|MAE|SAE,8.43299287695777
397,10,11,MAE|SAE,3.7928124227236246
398,10,11,MAE|SAE,3.4453767371098407
399,10,16,LAE|MAE|SAE,10.528940651401868
400,10,17,LAE|MAE|SAE,5.431165301559416
401,10,11,MAE|SAE,3.3206485199915043
402,10,12,MAE|SAE,3.8086691758015996
403,10,11,MAE|SAE,3.2381272062338726
404,10,11,MAE|SAE,3.007448415489354
405,10,12,MAE|SAE,15.357966956565464
406,10,11,MAE|SAE,3.861902322270129
407,10,12,MAE|SAE,3.8170865254215056
408,10,12,MAE|SAE,3.662991371426043
409,10,11,MAE|SAE,3.2669940640733763
410,9,16,LAE|MAE,20.341002887790143
411,9,13,LAE|MAE,58.366319027123765
412,9,12,LAE|MAE,23.554942265165725
413,9,13,LAE|MAE,27.644036132139668
414,9,13,LAE|MAE,12.59897663065499
415,9,14,LAE|MAE,44.005691188565535
416,10,24,LAE|MAE,24.080259159229154
417,10,17,LAE|MAE,28.523541889940596
418,10,17,LAE|MAE,23.062484007426097
419,10,14,LAE|MAE,7.895442680460104
420,10,12,MAE,7.295109539252639
421,11,12,MAE|SAE,2.42444906880623
422,11,12,MAE|SAE,2.4097295216644863
423,11,15,LAE|MAE|SAE,6.416466758770904
424,11,12,MAE|SAE,16.474344489981547
425,11,12,MAE|SAE,2.4305548765139933
426,11,15,LAE|MAE|SAE,6.746643021071466
427,11,17,LAE|MAE|SAE,31.300262603317346
428,11,15,LAE|MAE|SAE,6.558998903068472
429,11,12,MAE|SAE,2.5660692692485756
430,11,12,MAE|SAE,6.835198885248929
431,11,12,MAE|SAE,2.390568655213138
432,11,12,MAE|SAE,2.6446999377374225
433,11,12,MAE|SAE,2.6004084813283233
434,11,12,MAE|SAE,2.363210695477662
435,11,12,MAE|SAE,39.86515221669889
436,11,12,MAE|SAE,2.4463370992098166
437,11,13,LAE|MAE|SAE,4.769734977875944
438,11,12,MAE|SAE,2.3989166614045745
439,11,12,MAE|SAE,2.4217083228633505
440,11,12,MAE|SAE,2.3829220920122864
441,11,12,MAE|SAE,2.5792417752749413
442,11,12,MAE|SAE,2.457773739135763
443,11,12,MAE|SAE,2.666366287305165
444,11,17,LAE|MAE|SAE,16.8095973984891
445,11,13,LAE|MAE|SAE,4.375000609962751
446,11,17,LAE|MAE|SAE,47.31396857251468
447,11,12,MAE|SAE,2.8922177486171976
448,11,12,MAE|SAE,3.6569675957214485
449,11,12,MAE|SAE,2.448575865969648
450,11,18,LAE|MAE|SAE,4.493496467496661
451,11,12,MAE|SAE,2.315248856161047
452,11,12,MAE|SAE,2.3432422325561624
453,11,12,MAE|SAE,36.5869061121865
454,11,13,LAE|MAE|SAE,4.761613300114852
455,11,12,MAE|SAE,2.452782721588507
456,11,12,MAE|SAE,3.397256813194036
457,11,12,MAE|SAE,2.751892005611439
458,11,12,MAE|SAE,2.227314735569386
459,11,15,LAE|MAE|SAE,6.831863374151399
460,11,13,LAE|MAE|SAE,4.363861880283619
461,11,12,MAE|SAE,2.613208361362716
462,11,18,LAE|MAE|SAE,10.434982295594049
463,11,12,MAE|SAE,4.654081841565234
464,11,22,LAE|MAE|SAE,10.785553513937483
465,11,12,MAE|SAE,2.3495259622851634
466,11,12,MAE|SAE,3.1276793850918767
467,11,13,LAE|MAE|SAE,4.428968282019533
468,11,13,LAE|MAE|SAE,4.593923685679907
469,11,15,MAE|SAE,4.435696935735863
470,11,12,MAE|SAE,2.5830706492434623
471,11,12,MAE|SAE,2.4403501921845185
472,11,12,MAE|SAE,6.585062238071348
473,11,13,LAE|MAE|SAE,7.19959931691994
474,11,16,LAE|MAE|SAE,6.705884165016199
475,11,12,MAE|SAE,4.038135336431247
476,11,13,LAE|MAE|SAE,4.28746604326183
477,11,12,MAE|SAE,3.134309847653205
478,11,16,MAE|SAE,17.899422821019435
479,11,12,MAE|SAE,5.84907103570498
480,11,12,MAE|SAE,2.3490705574118937
481,11,13,LAE|MAE|SAE,34.7458737541445
482,11,12,MAE|SAE,3.499215585124307
483,11,12,MAE|SAE,3.253650276710729
484,11,17,LAE|MAE|SAE,20.568241388915542
485,11,12,MAE|SAE,4.5619330714799755
486,11,12,MAE|SAE,2.3038415295686576
487,11,12,MAE|SAE,3.9872632182949284
488,11,12,MAE|SAE,3.8810879059139283
489,11,12,MAE|SAE,2.636181827572395
490,11,16,LAE|MAE|SAE,6.646788928541787
491,11,12,MAE|SAE,3.4631767959795163
492,11,12,MAE|SAE,4.6565152175668585
493,11,13,LAE|MAE|SAE,14.810723852570733
494,11,12,MAE|SAE,2.8262845065527022
495,11,12,MAE|SAE,4.4254744043710215
496,11,12,MAE|SAE,3.075627112350055
497,11,12,MAE|SAE,2.485886591043254
498,11,12,MAE|SAE,3.7322078197061814
499,11,12,MAE|SAE,2.818702131830325
500,11,12,MAE|SAE,2.652490169901283
501,11,17,LAE|MAE|SAE,9.896839385649816
502,11,14,LAE|MAE|SAE,4.52379887828789
503,11,12,MAE|SAE,3.3943546791728423
504,11,12,MAE|SAE,2.8300791012489777
505,11,12,MAE|SAE,2.8040232962388263
506,11,12,MAE|SAE,7.332015319292867
507,11,12,MAE|SAE,4.1573847298600795
508,11,12,MAE|SAE,3.1546186187336223
509,11,12,MAE|SAE,2.7480013348126304
510,11,12,MAE|SAE,2.4624612353861104
511,11,12,MAE|SAE,3.680919141538381
512,11,12,MAE|SAE,2.5311659667455673
513,11,12,MAE|SAE,3.2474625575934484
514,11,12,MAE|SAE,4.380320115320813
515,11,12,MAE|SAE,3.7784444870953937
516,11,13,LAE|MAE|SAE,6.67324555494683
517,11,12,MAE|SAE,3.2851511026089444
518,11,12,MAE|SAE,3.2459633913688695
519,11,12,MAE|SAE,4.943533782535112
520,11,12,MAE|SAE,3.0136536651166783
521,11,12,MAE|SAE,2.7859227969024944
522,11,12,MAE|SAE,5.597134110628527
523,11,12,MAE|SAE,5.322676924880386
524,11,18,LAE|MAE|SAE,10.308578885620934
525,11,18,LAE|MAE|SAE,14.061721287340946
526,11,18,LAE|MAE|SAE,9.554082291852678
527,11,22,LAE|MAE|SAE,9.398538619376833
528,11,12,MAE|SAE,5.037201830846353
529,11,12,MAE|SAE,3.1314271563121023
530,11,12,MAE|SAE,4.020022819092188
531,11,12,MAE|SAE,3.7916553694785606
532,11,20,LAE|MAE|SAE,15.68800943443471
533,10,13,LAE|MAE,43.13511790435222
534,10,13,LAE|MAE,22.546074574945237
535,12,13,LAE|MAE,52.287191612868085
536,12,17,LAE|MAE|SAE,28.64145483407398
537,12,15,LAE|MAE|SAE,5.6859480946874035
538,12,13,LAE|MAE,19.43449908006989
539,12,15,LAE|MAE|SAE,5.846468569259176
540,12,14,LAE|MAE,5.751734216314722
541,12,14,LAE|MAE,3.43711765133832
542,12,13,LAE|MAE,40.888696307042935
543,12,14,LAE|MAE,5.5810527402170145
544,12,18,LAE|MAE|SAE,9.228914985827618
545,12,13,LAE|MAE,53.015506812283974
546,12,13,LAE|MAE,3.4691758193824875
547,12,14,LAE|MAE,19.967964925981224
548,12,18,LAE|MAE,3.446954249347351
549,12,14,LAE|MAE,33.84901366034458
550,12,13,LAE|MAE,3.1921779164978057
551,12,13,LAE|MAE,3.3539959042241905
552,12,21,LAE|MAE,37.975288563600735
553,12,13,LAE|MAE,14.741765861878202
554,12,13,LAE|MAE,3.392479354018768
555,12,13,LAE|MAE,3.4111071492137257
556,12,13,LAE|MAE,3.5356282227032536
557,12,13,LAE|MAE,3.416782391386188
558,12,16,LAE|MAE|SAE,5.733030484362603
559,12,14,LAE|MAE,5.733400476975274
560,12,14,LAE|MAE,3.4248238518419067
561,12,18,LAE|MAE,3.378983694092813
562,12,17,LAE|MAE,40.67454533835289
563,12,15,LAE|MAE|SAE,5.659310876891851
564,12,17,LAE|MAE,31.266922130376944
565,12,15,LAE|MAE|SAE,5.8239145917128665
566,12,16,LAE|MAE|SAE,5.774537899993854
567,12,13,LAE|MAE,45.025799989392695
568,12,13,LAE|MAE,3.4159884308102497
569,12,13,LAE|MAE,3.3960864470326735
570,12,25,LAE|MAE|SAE,37.73523259540732
571,12,13,LAE|MAE,5.621015728813926
572,12,13,LAE|MAE,30.610283690366792
573,12,14,LAE|MAE,9.459979561659932
574,12,13,LAE|MAE,3.3507819947928836
575,12,13,LAE|MAE,3.905367668904634
576,12,13,LAE|MAE,3.275883805660038
577,12,13,LAE|MAE,5.882427382745512
578,10,17,LAE|MAE,24.884714506228082
579,10,17,LAE|MAE,25.307826759898123
580,10,17,LAE|MAE,24.75070086438343
581,11,15,MAE|SAE,38.58519411164741
582,11,17,LAE|MAE|SAE,18.06039106618872
583,11,24,MAE|SAE,32.88994127581514
584,12,16,MAE,29.9625322564907
585,12,15,MAE|SAE,9.640223935302547
586,12,17,LAE|MAE,30.157858159170566
587,12,14,MAE,25.83639667639419
588,13,21,LAE|MAE|SAE,56.6991797121399
589,13,14,LAE|MAE,2.3341600981954005
590,13,24,LAE|MAE|SAE,54.256547666432354
591,13,14,LAE|MAE,2.363296776969906
592,13,14,LAE|MAE,2.3422275274046562
593,13,16,LAE|MAE|SAE,8.275130286461986
594,13,17,LAE|MAE,19.776295034508244
595,13,20,LAE|MAE|SAE,11.610565269193062
596,13,15,LAE|MAE|SAE,4.5982031265697305
597,13,20,LAE|MAE|SAE,30.948474427742642
598,13,14,LAE|MAE,25.279059176963088
599,13,14,LAE|MAE,15.559479633082024
600,13,14,LAE|MAE,8.720387335068272
601,13,14,LAE|MAE,17.72202725925655
602,13,16,LAE|MAE|SAE,4.640283874133668
603,13,16,LAE|MAE|SAE,35.39471436047285
604,13,14,LAE|MAE,31.330103481204645
605,13,16,LAE|MAE,49.61001435299582
606,13,16,LAE|MAE|SAE,4.766845918477137
607,13,19,LAE|MAE|SAE,13.184471805574669
608,13,15,LAE|MAE|SAE,4.62919010750578
609,13,14,LAE|MAE,8.124792437973925
610,13,14,LAE|MAE,15.380222566406891
611,13,16,LAE|MAE|SAE,4.441506946270656
612,13,14,LAE|MAE,40.92959868626054
613,13,14,LAE|MAE,2.297030036065775
614,13,15,LAE|MAE|SAE,7.171006641569105
615,13,16,LAE|MAE,8.022236042874367
616,13,14,LAE|MAE,51.28033616127969
617,13,15,LAE|MAE|SAE,4.768998691925682
618,13,17,LAE|MAE,34.38042044340061
619,13,14,LAE|MAE,3.540976332842671
620,13,17,LAE|MAE|SAE,12.11005620472885
621,13,14,LAE|MAE,4.505056450002861
622,13,14,LAE|MAE,2.338032737940176
623,13,20,LAE|MAE|SAE,19.323671945786266
624,13,14,LAE|MAE,4.837100949830899
625,11,15,SAE,19.5370851471049
626,14,30,LAE|MAE|SAE,47.03335236753191
627,14,16,MAE|SAE,19.17488063485735
628,14,18,MAE|SAE,7.00073831537314
629,14,15,MAE|SAE,3.6319245860218996
630,14,15,MAE|SAE,3.746829689351007
631,14,15,MAE|SAE,13.593978181946673
632,14,16,MAE|SAE,3.5443096480768967
633,14,16,MAE|SAE,3.573076985622496
634,14,16,MAE|SAE,3.5936906200433674
635,14,18,MAE|SAE,7.006800547843621
636,14,16,MAE|SAE,3.5946455367057695
637,14,21,LAE|MAE|SAE,11.170490318443152
638,14,15,MAE|SAE,3.670145393970963
639,14,16,MAE|SAE,3.7591256779006263
640,14,18,LAE|MAE|SAE,8.659198878402295
641,14,15,MAE|SAE,41.31213165983012
642,14,15,MAE|SAE,3.7828506575035576
643,14,17,LAE|MAE|SAE,8.841994538210173
644,14,18,MAE|SAE,7.030031939934069
645,14,15,MAE|SAE,3.5093455704084744
646,14,20,MAE|SAE,20.748274742793406
647,14,21,LAE|MAE|SAE,11.184788597090611
648,14,16,MAE|SAE,3.5031961210736613
649,14,17,LAE|MAE|SAE,8.86401711384793
650,14,15,MAE|SAE,3.864189923443335
651,14,16,MAE|SAE,3.6409785838600652
652,14,16,MAE|SAE,3.655866491819228
653,14,18,LAE|MAE|SAE,11.29903655866932
654,14,21,LAE|MAE|SAE,11.592770917761783
655,14,16,MAE|SAE,9.747284400509411
656,14,16,MAE|SAE,3.609126981605841
657,14,19,LAE|MAE|SAE,11.008111888977334
658,14,15,MAE|SAE,3.5729536154614756
659,14,16,MAE|SAE,11.596382688843677
660,14,16,MAE|SAE,5.613326996859246
661,14,16,MAE|SAE,3.5834458968789416
662,14,15,MAE|SAE,3.340294996812467
663,14,15,MAE|SAE,3.7155176992200767
664,14,22,LAE|MAE|SAE,12.422716441729788
665,14,16,MAE|SAE,12.838930006590367
666,14,16,MAE|SAE,7.215261949814782
667,14,22,LAE|MAE|SAE,11.652962203334093
668,14,15,MAE|SAE,4.201127418399602
669,14,15,MAE|SAE,3.6345393411465197
670,14,16,MAE|SAE,6.9228645662527795
671,14,18,MAE|SAE,11.607214534745793
672,14,15,MAE|SAE,32.93462648476738
673,14,18,LAE|MAE|SAE,13.982872546698376
674,14,15,MAE|SAE,3.646602960444988
675,12,28,LAE|MAE,56.17669116241339
676,12,16,MAE,14.556999579536676
677,13,17,LAE|MAE,45.205582759248585
678,13,16,LAE|MAE,31.424634126309563
679,13,17,LAE|MAE,11.69974966669751
680,14,16,MAE,7.101300363987757
681,14,17,LAE|MAE,12.5164918561089
682,14,19,LAE|MAE|SAE,7.324934652603806
683,14,17,LAE|MAE,17.43859914443311
684,14,16,MAE,47.21964149891848
685,14,16,MAE,9.135257451317472
686,14,17,LAE|MAE,48.05468638242418
687,14,17,LAE|MAE,10.23232471835248
688,14,16,MAE,13.648578505915133
689,14,16,MAE,18.319163387697593
690,14,17,LAE|MAE,33.491853357087045
691,14,16,MAE,36.01645718034172
692,14,18,LAE|MAE,9.880669996846724
693,15,16,MAE|SAE,2.436133541649171
694,15,16,MAE|SAE,2.4709255502406897
695,15,18,LAE|MAE|SAE,6.181924775247767
696,15,18,LAE|MAE|SAE,13.866871557184629
697,15,18,LAE|MAE|SAE,5.828805650433793
698,15,16,MAE|SAE,2.440824392642354
699,15,17,LAE|MAE|SAE,7.406040744688814
700,15,17,LAE|MAE|SAE,18.090986571922805
701,15,16,MAE|SAE,34.09764423582436
702,15,21,LAE|MAE|SAE,58.590184880549295
703,15,21,LAE|MAE|SAE,17.397255240380613
704,15,21,LAE|MAE|SAE,10.256683711156775
705,15,17,LAE|MAE|SAE,53.52366055006634
706,15,18,LAE|MAE|SAE,7.341658978548985
707,15,21,LAE|MAE|SAE,11.002429461815252
708,15,21,LAE|MAE|SAE,32.1749509844594
709,15,17,LAE|MAE|SAE,5.908999849533218
710,15,20,MAE|SAE,33.11738142640883
711,15,16,MAE|SAE,18.554532898006705
712,15,18,MAE|SAE,9.201826693688911
713,15,18,LAE|MAE|SAE,23.98620350681894
714,15,20,LAE|MAE|SAE,34.567517425509834
715,15,17,LAE|MAE|SAE,39.17869009321622
716,15,17,LAE|MAE|SAE,27.883442577047177
717,15,21,LAE|MAE|SAE,29.85779242397836
718,15,16,MAE|SAE,33.027107020628726
719,15,17,LAE|MAE|SAE,9.53179270515749
720,15,17,LAE|MAE|SAE,7.4838988971064895
721,15,16,MAE|SAE,4.397941455339431
722,15,16,MAE|SAE,4.4704987502797255
723,15,17,LAE|MAE|SAE,51.05631806106146
724,15,19,LAE|MAE|SAE,5.9524210942387725
725,15,16,MAE|SAE,4.517212430979656
726,15,16,MAE|SAE,9.666437798104516
727,15,16,MAE|SAE,8.620339326046103
728,15,18,MAE|SAE,36.5313160815809
729,15,16,MAE|SAE,7.1992415618792895
730,15,17,LAE|MAE|SAE,32.04834212657784
731,15,16,MAE|SAE,5.922170871200787
732,15,19,LAE|MAE|SAE,9.358170950449866
733,15,16,MAE|SAE,44.31814336442273
734,15,19,LAE|MAE|SAE,7.508096764243282
735,15,16,MAE|SAE,4.486807534616068
736,15,16,MAE|SAE,13.868633886088086
737,15,16,MAE|SAE,47.40567296564336
738,15,22,LAE|MAE|SAE,25.53727594225125
739,15,17,LAE|MAE|SAE,33.69272376933969
740,15,16,MAE|SAE,6.918020016452692
741,15,16,MAE|SAE,5.883663029125279
742,15,16,MAE|SAE,12.42637059876449
743,15,17,LAE|MAE|SAE,13.311475334528165
744,15,16,MAE|SAE,4.318358755073246
745,15,17,LAE|MAE|SAE,31.24741747875793
746,15,18,LAE|MAE|SAE,6.9982464991903734
747,15,17,LAE|MAE|SAE,8.025748660157968
748,15,17,LAE|MAE|SAE,10.252117090074682
749,15,16,MAE|SAE,4.652973933104499
750,15,16,MAE|SAE,4.536256187110682
751,15,18,LAE|MAE|SAE,5.738426260534915
752,15,18,LAE|MAE|SAE,29.9407018510634
753,15,18,LAE|MAE|SAE,7.3032780518473
754,13,18,LAE|MAE,2.35975127714821
755,13,17,LAE,2.3351767541876387
756,13,17,LAE,18.788763000157854
757,13,17,LAE,20.295499258865906
758,13,17,LAE,2.3310046383362835
759,13,17,LAE,46.100602393999786
760,14,17,LAE|MAE,38.93352918164329
761,14,17,LAE|MAE,55.19992825674352
762,14,17,LAE|MAE,16.162303157370918
763,14,21,LAE|MAE,50.465940257558856
764,16,21,LAE|MAE,49.858254198839695
765,16,25,LAE|MAE,25.55854525506505
766,16,17,LAE|MAE,22.17082858714513
767,16,18,LAE|MAE,9.261863058650814
768,16,17,LAE|MAE,22.613795872400917
769,16,17,LAE|MAE,34.80158601631513
770,16,17,LAE|MAE,55.961131441373155
771,16,17,LAE|MAE,13.12060901751669
772,16,17,LAE|MAE,32.42417929264306
773,16,17,LAE|MAE,4.990310483324421
774,16,25,LAE|MAE,44.71078114837775
775,16,17,LAE|MAE,40.46067494535776
776,16,17,LAE|MAE,6.208847101070399
777,16,17,LAE|MAE,5.515932427935205
778,16,21,LAE|MAE,26.49827396111063
779,16,26,LAE|MAE,29.984292323920304
780,16,17,LAE|MAE,6.004839302532357
781,16,17,LAE|MAE,36.342021445831236
782,16,17,LAE|MAE,43.170410801607524
783,16,17,LAE|MAE,6.158172271250186
784,16,18,LAE|MAE,7.102678818811742
785,16,17,LAE|MAE,5.552986559219742
786,16,20,LAE|MAE,34.30398136943808
787,16,19,LAE|MAE|SAE,11.852684805748186
788,16,18,LAE|MAE,31.908796809650585
789,16,19,LAE|MAE|SAE,4.687985570938187
790,16,20,LAE|MAE|SAE,9.651166501921491
791,16,18,LAE|MAE,4.538821523480701
792,16,21,LAE|MAE,32.94173903855282
793,16,17,LAE|MAE,38.4728496705249
794,16,22,LAE|MAE,4.873821689994926
795,16,17,LAE|MAE,19.531084586277963
796,16,17,LAE|MAE,7.5462581917525515
797,16,21,LAE|MAE,35.79151329385874
798,16,18,LAE|MAE,4.57659949090556
799,16,25,LAE|MAE,43.56688098791457
800,16,17,LAE|MAE,11.31201905918919
801,16,18,LAE|MAE,6.748467205791032
802,16,17,LAE|MAE,5.769093882411226
803,16,17,LAE|MAE,34.84369700177585
804,16,17,LAE|MAE,34.25990610860849
805,16,17,LAE|MAE,12.026031200748918
806,16,17,LAE|MAE,5.965173045316177
807,16,20,LAE|MAE|SAE,8.269242749459316
808,16,19,LAE|MAE|SAE,9.066989799020146
809,16,18,LAE|MAE,5.350158512716126
810,16,17,LAE|MAE,25.701839694690236
811,15,20,MAE|SAE,10.826690039516153
812,15,26,LAE|MAE|SAE,46.57570493541602
813,15,21,LAE|MAE|SAE,26.409419941588183
814,15,20,MAE|SAE,38.62578745552397
815,15,22,LAE|MAE|SAE,12.377718231948258
816,15,19,MAE|SAE,12.357783013762205
817,16,18,MAE,4.8240090789458465
818,16,20,MAE,58.0626158476542
819,16,18,MAE,4.6815673706781435
820,16,18,MAE,4.913366379408339
821,16,18,MAE,19.205497657730543
822,16,18,MAE,4.683343424882559
823,17,18,LAE|MAE,33.087539100033936
824,17,18,LAE|MAE,3.4884830785653795
825,17,18,LAE|MAE,3.455011752192316
826,17,18,LAE|MAE,5.1824127172776455
827,17,18,LAE|MAE,4.915564805208594
828,17,19,LAE|MAE|SAE,3.562865616363714
829,17,19,LAE|MAE|SAE,3.4939413856570902
830,17,18,LAE|MAE,37.49886006608627
831,17,19,LAE|MAE|SAE,9.360102275533176
832,17,18,LAE|MAE,19.539785048731193
833,17,19,LAE|MAE|SAE,3.478174060854552
834,17,18,LAE|MAE,3.4791911641955533
835,17,18,LAE|MAE,10.138222447136183
836,17,18,LAE|MAE,5.548379639701827
837,17,18,LAE|MAE,4.899868333418547
838,17,18,LAE|MAE,4.855062481291629
839,17,18,LAE|MAE,4.945297068138047
840,17,21,LAE|MAE,19.970078537693944
841,17,18,LAE|MAE,41.835496493081855
842,17,18,LAE|MAE,3.7766527387834796
843,17,22,LAE|MAE|SAE,3.5528499738263295
844,17,19,LAE|MAE|SAE,7.278688998967295
845,17,18,LAE|MAE,32.032437856452944
846,17,18,LAE|MAE,6.54535930913073
847,17,19,LAE|MAE|SAE,3.485404399959732
848,17,19,LAE|MAE|SAE,3.562321939403075
849,17,20,LAE|MAE|SAE,8.436978320588016
850,17,18,LAE|MAE,3.4704652171646093
851,17,18,LAE|MAE,6.538219026314447
852,17,22,LAE|MAE,37.49856824323209
853,17,22,LAE|MAE|SAE,9.256581233101784
854,17,18,LAE|MAE,3.739359529690928
855,17,23,LAE|MAE|SAE,9.501330674083103
856,17,22,LAE|MAE,3.535999344935633
857,17,21,LAE|MAE,25.929932997089118
858,17,18,LAE|MAE,3.4472615919548732
859,17,22,LAE|MAE,3.5397462368537504
860,17,20,LAE|MAE|SAE,8.599276641052414
861,17,18,LAE|MAE,29.773621771138963
862,17,19,LAE|MAE|SAE,7.6703870206637355
863,17,18,LAE|MAE,3.5677277851861646
864,17,19,LAE|MAE|SAE,6.528294335575632
865,17,18,LAE|MAE,3.388684843816705
866,17,18,LAE|MAE,2.8783535417312867
867,17,18,LAE|MAE,18.545312804619943
868,18,19,MAE|SAE,4.453155662482508
869,18,19,MAE|SAE,6.697031147914777
870,18,21,LAE|MAE|SAE,6.328071902773567
871,18,22,LAE|MAE|SAE,6.812406457056632
872,18,21,LAE|MAE|SAE,6.626215699205382
873,18,19,MAE|SAE,6.674548607617261
874,18,22,LAE|MAE|SAE,6.87140283737878
875,18,21,LAE|MAE|SAE,6.325420983570177
876,18,19,MAE|SAE,5.074248866732184
877,18,20,MAE|SAE,6.850390386099039
878,18,21,LAE|MAE|SAE,6.566468034157008
879,18,19,MAE|SAE,3.575608245496955
880,18,19,MAE|SAE,6.321334757292635
881,18,19,MAE|SAE,6.664597911255193
882,18,22,LAE|MAE|SAE,6.747063161598669
883,18,19,MAE|SAE,3.585653447681969
884,18,19,MAE|SAE,6.586222943926272
885,18,19,MAE|SAE,3.5405537492968575
886,18,19,MAE|SAE,3.4871493026264373
887,18,20,MAE|SAE,6.747443604859214
888,18,19,MAE|SAE,8.71872012729276
889,18,19,MAE|SAE,6.560821342945254
890,18,19,MAE|SAE,6.668912235880177
891,18,21,LAE|MAE|SAE,7.274495426755316
892,18,19,MAE|SAE,9.412730245210724
893,18,19,MAE|SAE,7.911154460755119
894,18,21,LAE|MAE|SAE,6.3308328032799785
895,18,20,MAE|SAE,6.912285247104047
896,18,21,LAE|MAE|SAE,8.202551608323123
897,18,19,MAE|SAE,7.043836302380496
898,18,19,MAE|SAE,4.672184920857183
899,18,19,MAE|SAE,7.20025783802627
900,18,19,MAE|SAE,6.651535272004669
901,18,19,MAE|SAE,5.833757078644307
902,18,20,MAE|SAE,6.613338998385409
903,18,22,LAE|MAE|SAE,7.340228477717148
904,18,20,MAE|SAE,7.103006587777158
905,18,19,MAE|SAE,5.918715747221241
906,18,21,LAE|MAE|SAE,5.559789857960594
907,18,20,MAE|SAE,6.768287327289846
908,18,20,MAE|SAE,6.405722839421892
909,18,21,LAE|MAE|SAE,6.77556640923697
910,18,22,LAE|MAE|SAE,7.06228609920998
911,18,20,MAE,31.797708705675714
912,18,20,MAE,25.83329737295304
913,18,20,MAE,19.318675225383718
914,18,22,MAE,30.268122145284096
915,18,21,LAE|MAE,29.888031574715615
916,18,22,MAE,31.078531981088634
917,18,20,MAE,24.368462902126147
918,18,22,LAE|MAE,32.16841291126208
919,18,21,LAE|MAE,6.799443993595125
920,18,20,MAE,45.88715624826097
921,18,20,MAE,12.9892303107094
922,18,20,MAE,39.83467984677333
923,18,20,MAE,15.76421468279348
924,18,21,LAE|MAE,6.412398668359556
925,18,20,MAE,16.5233126277564
926,19,20,MAE|SAE,5.589269023058912
927,19,21,LAE|MAE|SAE,5.320684146500036
928,19,21,LAE|MAE|SAE,5.679390685300822
929,19,22,LAE|MAE|SAE,5.38952097176073
930,19,20,MAE|SAE,5.652032566142492
931,19,20,MAE|SAE,5.626502567573597
932,19,22,LAE|MAE|SAE,5.485834073004399
933,19,22,LAE|MAE|SAE,5.737043551465387
934,19,20,MAE|SAE,5.2814849572767795
935,19,22,LAE|MAE|SAE,5.366849057538269
936,19,22,LAE|MAE|SAE,5.694295700207398
937,19,20,MAE|SAE,4.781237862455366
938,19,20,MAE|SAE,5.643447120217463
939,19,22,LAE|MAE|SAE,5.3379411062544895
940,19,21,LAE|MAE|SAE,5.429712675817759
941,19,22,LAE|MAE|SAE,5.819163250584712
942,19,20,MAE|SAE,5.367248531639832
943,19,22,LAE|MAE|SAE,5.714038073113286
944,19,20,MAE|SAE,5.208127661876629
945,19,20,MAE|SAE,5.429980275487449
946,19,21,LAE|MAE|SAE,5.8481853414107094
947,19,20,MAE|SAE,5.6680394618505465
948,19,21,LAE|MAE|SAE,5.299624575442173
949,19,22,LAE|MAE|SAE,5.754047006926007
950,19,22,LAE|MAE|SAE,5.28239765807832
951,19,20,MAE|SAE,4.754331213677776
952,19,20,MAE|SAE,5.357991113625626
953,19,20,MAE|SAE,5.74223586472098
954,19,21,LAE|MAE|SAE,5.675960003159384
955,19,21,LAE|MAE|SAE,5.74182786551692
956,19,22,LAE|MAE|SAE,7.6338646557803225
957,19,20,MAE|SAE,6.023231942015794
958,19,21,LAE|MAE|SAE,6.111693873796847
959,19,22,LAE|MAE|SAE,6.119371311202728
960,19,21,LAE|MAE|SAE,5.704791424466188
961,19,20,MAE|SAE,5.45407289865885
962,19,20,MAE|SAE,5.652123867123265
963,19,20,MAE|SAE,5.543632726422122
964,19,21,LAE|MAE|SAE,5.908347960196081
965,19,20,MAE|SAE,5.177378548182092
966,19,20,MAE|SAE,5.54874460765104
967,19,21,LAE|MAE|SAE,5.381854163090088
968,19,20,MAE|SAE,4.844665298928021
969,19,20,MAE|SAE,5.294786277676329
970,19,20,MAE|SAE,5.712514393895291
971,17,21,LAE,34.63300558236792
972,17,28,LAE,53.439941036106624
973,17,21,LAE,30.018670374459955
974,17,26,LAE|MAE,53.00489509980745
975,17,21,LAE,55.23576692277731
976,17,21,LAE,40.49821865796436
977,17,21,LAE,34.849193064887274
978,17,25,LAE,28.098226976816843
979,17,21,LAE,49.086044410518426
980,17,21,LAE,32.96718508133405
981,18,21,LAE|MAE,29.116036142236243
982,18,21,LAE|MAE,48.3332376668413
983,20,21,LAE|MAE,7.05314187625854
984,20,21,LAE|MAE,4.39589046824743
985,20,21,LAE|MAE,4.454462824841961
986,20,27,LAE|MAE,37.260764593629645
987,20,21,LAE|MAE,4.00891057648375
988,20,21,LAE|MAE,3.8468829527008523
989,20,22,LAE|MAE,10.087385474717712
990,20,24,LAE|MAE,10.751396244829683
991,20,21,LAE|MAE,4.078128420839888
992,20,21,LAE|MAE,3.7851565646385987
993,20,22,LAE|MAE,4.032418350496945
994,20,21,LAE|MAE,30.163493359999553
995,20,24,LAE|MAE,9.930385608614845
996,20,22,LAE|MAE,4.144135713233572
997,20,21,LAE|MAE,4.609147643917592
998,20,21,LAE|MAE,24.75206315004744
999,20,22,LAE|MAE,4.502240290395955
1000,20,22,LAE|MAE,4.9461899286690585
1001,20,21,LAE|MAE,4.346146594030173
1002,20,21,LAE|MAE,58.400933248608425
1003,20,26,LAE|MAE,40.62228890390696
1004,20,22,LAE|MAE,5.529299305944242
1005,20,22,LAE|MAE,4.040377634455034
1006,20,22,LAE|MAE,9.658883564924817
1007,20,21,LAE|MAE,51.48788116605226
1008,20,21,LAE|MAE,6.158238148730878
1009,20,21,LAE|MAE,8.06900100861678
1010,20,21,LAE|MAE,41.188848153950254
1011,20,22,LAE|MAE,5.13170682497182
1012,20,21,LAE|MAE,5.144237206663573
1013,20,22,LAE|MAE,10.16953968609149
1014,20,21,LAE|MAE,4.562036107492169
1015,20,22,LAE|MAE,30.892714669183555
1016,20,21,LAE|MAE,12.433708665389144
1017,20,26,LAE|MAE,39.13358425188249
1018,20,22,LAE|MAE,9.011778897640557
1019,20,21,LAE|MAE,30.038344567382584
1020,20,21,LAE|MAE,4.401494084459703
1021,20,21,LAE|MAE,18.858287385913982
1022,20,22,LAE|MAE,11.101107868735792
1023,20,21,LAE|MAE,4.135618189541255
1024,20,22,LAE|MAE,4.257089905532595
1025,20,22,LAE|MAE,7.366703100043625
1026,20,22,LAE|MAE,4.277156910181354
1027,20,21,LAE|MAE,4.129465011486111
1028,20,22,LAE|MAE,6.8525827559176715
1029,20,22,LAE|MAE,4.2479189050547514
1030,20,22,MAE,29.697332476380645
1031,20,22,MAE,8.14683689370535
1032,21,24,LAE|MAE,9.250135436592274
1033,21,22,LAE|MAE,8.939089952687064
1034,21,22,LAE|MAE,8.754206026733769
1035,21,22,LAE|MAE,5.773618636533737
1036,21,22,LAE|MAE,8.867571875087897
1037,21,22,LAE|MAE,3.724240312962818
1038,21,22,LAE|MAE,8.86781974742728
1039,21,22,LAE|MAE,9.441171163609763
1040,21,22,LAE|MAE,8.394562737624215
1041,21,22,LAE|MAE,8.652447684448859
1042,21,24,LAE|MAE|SAE,5.804099553703158
1043,21,22,LAE|MAE,2.8889242499603665
1044,21,22,LAE|MAE,2.9510941191934332
1045,21,22,LAE|MAE,3.043145648960924
1046,21,22,LAE|MAE,9.190985330904725
1047,21,22,LAE|MAE,3.26441116478698
1048,21,22,LAE|MAE,8.878590469364035
1049,21,22,LAE|MAE,3.464616039733252
1050,21,22,LAE|MAE,7.292020639317726
1051,21,22,LAE|MAE,6.7930493865524815
1052,21,22,LAE|MAE,9.334764275620387
1053,21,22,LAE|MAE,3.1103471364055033
1054,21,22,LAE|MAE,3.539521180708798
1055,21,22,LAE|MAE,2.8191046020548645
1056,21,22,LAE|MAE,6.790447818740379
1057,21,22,LAE|MAE,9.320450362751227
1058,21,23,LAE|MAE|SAE,6.333758068620842
1059,21,24,LAE|MAE,10.526129178488947
1060,21,22,LAE|MAE,8.833773002100557
1061,21,22,LAE|MAE,3.164353484893803
1062,21,22,LAE|MAE,3.2887551003437405
1063,21,22,LAE|MAE,6.612609108555678
1064,21,22,LAE|MAE,6.563349067805998
1065,21,22,LAE|MAE,8.918878725891824
1066,21,22,LAE|MAE,8.13449271144146
1067,21,22,LAE|MAE,6.62741846216752
1068,21,22,LAE|MAE,6.715707040271792
1069,21,22,LAE|MAE,8.130075481569571
1070,20,23,MAE|SAE,2.538809361940173
1071,22,23,MAE|SAE,4.718651854625176
1072,22,23,MAE|SAE,4.694384994568675
1073,22,23,MAE|SAE,7.015712638083152
1074,22,23,MAE|SAE,3.592665377716131
1075,22,24,MAE,7.675820767237472
1076,22,24,MAE,7.473976736693422
1077,22,24,MAE,7.793250816930906
1078,22,24,MAE,8.185646664482475
1079,22,24,MAE,7.796608333040205
1080,22,24,MAE,7.5590991130647005
1081,22,24,MAE,7.460554483537272
1082,22,24,MAE,8.076492247524218
1083,22,24,MAE,45.66867868235226
1084,22,24,MAE,7.780918408184548
1085,22,24,MAE,7.4828470518314285
1086,22,26,MAE,29.368387198454332
1087,22,26,MAE,27.487985007405907
1088,22,24,MAE,25.711398122258604
1089,22,24,MAE,8.153086749707517
1090,22,24,MAE,28.639937416715263
1091,22,24,MAE,50.56866664419553
1092,22,24,MAE,7.521097950679986
1093,22,26,MAE,45.32737557420855
1094,22,24,MAE,23.26745501865281
1095,22,24,MAE,26.54695953918121
1096,22,24,MAE,28.404884018851806
1097,22,24,MAE,33.971746603987526
1098,22,24,MAE,24.61272291898804
1099,22,24,MAE,41.17264899757251
1100,22,24,MAE,29.98933582529252
1101,22,24,MAE,28.59527235752316
1102,22,24,MAE,7.845561389381506
1103,22,24,MAE,14.417621905613911
1104,22,24,MAE,51.42773094822124
1105,21,27,LAE|MAE,31.877246852202216
1106,21,25,LAE,36.52166425281739
1107,21,25,LAE,24.00500102472025
1108,21,25,LAE,46.33966756096746
1109,21,35,LAE|MAE|SAE,36.05849125716128
1110,21,25,LAE,32.750876703975756
1111,21,25,LAE,36.930565278983515
1112,21,30,LAE|MAE|SAE,29.478181149975793
1113,21,25,LAE,27.40028032614953
1114,21,25,LAE,39.28258932522959
1115,21,25,LAE,21.97411912545589
1116,21,25,LAE,28.883065629463637
1117,21,26,LAE|MAE,21.005271023568977
1118,21,25,LAE,16.221617096942374
1119,21,25,LAE,36.626656224378266
1120,21,25,LAE,35.15743182977455
1121,21,25,LAE,31.34236398751616
1122,21,25,LAE,31.55554114384109
1123,21,29,LAE|MAE,28.12959897758006
1124,21,25,LAE,29.724518935497088
1125,22,26,MAE,55.19903386468832
1126,24,26,MAE,25.85638395219706
1127,24,26,MAE,20.456710035917123
1128,24,26,MAE,23.32145966755167
1129,24,26,MAE,23.87361381869808
1130,24,26,MAE,20.616512574519547
1131,24,26,MAE,31.838264838655473
1132,24,26,MAE,35.96750817392218
1133,24,26,MAE,39.672998925763096
1134,24,26,MAE,25.021744432729797
1135,24,26,MAE,36.76878509500671
1136,24,26,MAE,27.11853569774874
1137,25,26,LAE|MAE,16.929618740548033
1138,25,26,LAE|MAE,18.3491225618741
1139,25,29,LAE|MAE,17.822456309176
1140,25,26,LAE|MAE,34.970996287200784
1141,25,26,LAE|MAE,29.596792961168703
1142,25,26,LAE|MAE,27.066562530637412
1143,25,26,LAE|MAE,14.40990384399717
1144,25,26,LAE|MAE,22.837382189031654
1145,25,26,LAE|MAE,29.27564019267931
1146,25,26,LAE|MAE,26.028841211679516
1147,25,27,LAE|MAE,21.40964378076591
1148,25,26,LAE|MAE,20.31515198732436
1149,25,26,LAE|MAE,29.273479903302817
1150,25,27,LAE|MAE,27.022390276532104
1151,25,26,LAE|MAE,36.84819329114368
1152,25,26,LAE|MAE,18.596194063186623
1153,25,26,LAE|MAE,29.43001201060946
1154,26,27,MAE,14.446429731449005
1155,26,27,MAE,17.792127354131384
1156,26,27,MAE,29.832103616334773
1157,26,27,MAE,16.701847830734867
1158,26,27,MAE,23.094920363154404
1159,25,28,LAE,22.59755897841209
1160,25,29,LAE|MAE,44.674698868255646
1161,25,32,LAE|MAE,37.69274561091517
1162,25,28,LAE,25.11141181732384
1163,25,38,LAE|MAE|SAE,48.703966739120226
1164,25,28,LAE,31.15710859714762
1165,25,40,LAE|MAE|SAE,54.41832937345465
1166,25,51,LAE|MAE|SAE,53.29413132807397
1167,28,29,LAE|MAE,18.395314344267113
1168,28,29,LAE|MAE,27.2770101729274
1169,28,30,LAE|MAE|SAE,40.999773574117164
1170,28,32,LAE|MAE,22.838226185043947
1171,28,51,LAE|MAE|SAE,38.63106961534736
1172,28,29,LAE|MAE,17.551026352994295
1173,28,29,LAE|MAE,18.200035937000166
1174,28,31,LAE|MAE,46.80389988682317
1175,28,31,LAE|MAE|SAE,18.31542108724629
1176,28,29,LAE|MAE,19.123526393778032
1177,28,29,LAE|MAE,23.237901689369583
1178,29,30,MAE|SAE,23.191118545869518
1179,29,30,MAE|SAE,24.532297342348755
1180,29,30,MAE|SAE,43.40694605243306
1181,29,30,MAE|SAE,24.21195639451095
1182,29,30,MAE|SAE,29.229705480858737
1183,29,31,MAE|SAE,51.42762359239043
1184,29,30,MAE|SAE,48.31592244067893
1185,29,30,MAE|SAE,57.778339884814926
1186,29,30,MAE|SAE,12.363469200686914
1187,29,30,MAE|SAE,19.101774771163743
1188,29,30,MAE|SAE,39.42284895836697
1189,29,31,MAE|SAE,18.188156560930725
1190,29,33,MAE|SAE,43.92937671534875
1191,29,30,MAE|SAE,22.48968070896038
1192,29,30,MAE|SAE,28.358728290939162
1193,29,34,MAE|SAE,20.917050941118468
1194,29,31,MAE,27.766734399715997
1195,29,45,LAE|MAE|SAE,32.77496747727963
1196,29,31,MAE,27.228146162282638
1197,29,31,MAE,47.57367346978742
1198,29,31,MAE,20.925785257907485
1199,30,31,MAE|SAE,19.91309560414491
1200,30,33,MAE|SAE,41.875058202976376
1201,30,31,MAE|SAE,16.606696055200185
1202,30,31,MAE|SAE,13.735638228284323
1203,30,31,MAE|SAE,26.376290869825926
1204,30,34,MAE|SAE,28.688609671709603
1205,30,31,MAE|SAE,15.462811062031458
1206,30,51,MAE|SAE,24.284164560355727
1207,30,31,MAE|SAE,19.71744541728228
1208,30,31,MAE|SAE,13.874433183471606
1209,30,31,MAE|SAE,27.707890161811825
1210,28,36,LAE|MAE,23.06966501513311
1211,28,32,LAE,28.16136703612333
1212,31,32,LAE|MAE,15.25877448818376
1213,31,32,LAE|MAE,25.251295587999916
1214,31,32,LAE|MAE,43.66847003593423
1215,31,32,LAE|MAE,22.360816626351042
1216,31,36,LAE|MAE,16.42185594468118
1217,31,32,LAE|MAE,13.402112115316635
1218,31,32,LAE|MAE,33.260188333061805
1219,31,32,LAE|MAE,20.706909498954488
1220,31,32,LAE|MAE,14.152554021428383
1221,31,33,LAE|MAE,14.822793516350497
1222,31,33,LAE|MAE,23.50500710605318
1223,31,32,LAE|MAE,28.581163423014065
1224,31,32,LAE|MAE,17.040826159780586
1225,29,33,MAE,22.958078780293523
1226,30,52,LAE|MAE|SAE,34.950665736365295
1227,30,38,MAE|SAE,38.52347231374444
1228,31,33,MAE,19.26073266104347
1229,31,33,MAE,14.391126276741407
1230,31,33,MAE,22.767644129178468
1231,31,33,MAE,14.462869441154021
1232,31,33,MAE,15.399380981657137
1233,31,37,MAE|SAE,27.783657754377693
1234,31,33,MAE,14.780801057525776
1235,32,33,LAE|MAE,39.89086656181205
1236,32,33,LAE|MAE,22.935775744903346
1237,32,33,LAE|MAE,19.345443134388404
1238,32,36,LAE|MAE|SAE,18.366311124787266
1239,32,33,LAE|MAE,18.823335658294337
1240,32,40,LAE|MAE|SAE,43.46314160838663
1241,32,36,LAE|MAE|SAE,16.295782018563376
1242,32,33,LAE|MAE,15.32167514245991
1243,32,33,LAE|MAE,21.531949020208796
1244,32,33,LAE|MAE,12.393620474464251
1245,32,33,LAE|MAE,13.438442190224823
1246,32,33,LAE|MAE,26.105303091934836
1247,32,33,LAE|MAE,18.66744436605098
1248,32,33,LAE|MAE,15.526601146655096
1249,32,33,LAE|MAE,14.820031885273055
1250,32,33,LAE|MAE,14.578961615207922
1251,32,33,LAE|MAE,17.721148648219586
1252,32,33,LAE|MAE,36.01088941214951
1253,30,35,SAE,21.821131851905246
1254,30,38,SAE,23.695562796860916
1255,31,51,MAE|SAE,47.21589120215829
1256,31,52,LAE|MAE|SAE,51.258759299646286
1257,31,35,MAE|SAE,33.63729444505058
1258,31,35,MAE|SAE,30.03155197062924
1259,31,34,MAE|SAE,23.52066179080963
1260,31,34,MAE|SAE,22.680606746234965
1261,33,34,MAE|SAE,17.824645740388863
1262,33,52,LAE|MAE|SAE,26.921696766946464
1263,33,34,MAE|SAE,37.87361874659085
1264,33,34,MAE|SAE,15.325178273709959
1265,33,34,MAE|SAE,11.603353280065019
1266,33,34,MAE|SAE,11.246911335208711
1267,33,34,MAE|SAE,15.21406068560386
1268,33,34,MAE|SAE,35.60318495784166
1269,33,35,MAE|SAE,21.786107052370173
1270,33,34,MAE|SAE,24.121227083143324
1271,33,34,MAE|SAE,11.822957606998932
1272,33,34,MAE|SAE,16.025457146406964
1273,33,34,MAE|SAE,14.173064668191907
1274,33,34,MAE|SAE,21.819934742590775
1275,33,34,MAE|SAE,23.86798115314516
1276,33,34,MAE|SAE,14.938070456457819
1277,33,38,MAE|SAE,10.065533469608454
1278,33,34,MAE|SAE,18.046396406627625
1279,33,34,MAE|SAE,20.747149925289424
1280,33,35,MAE|SAE,17.289641798730045
1281,33,35,MAE|SAE,22.68033732621353
1282,33,52,LAE|MAE|SAE,21.194389052708853
1283,34,35,SAE,16.579099822943096
1284,34,37,SAE,22.845707977101934
1285,34,37,SAE,39.20840691573705
1286,34,35,SAE,29.599758336258038
1287,34,35,SAE,19.184741667891295
1288,34,35,SAE,19.22803594397944
1289,34,35,SAE,23.594314080063082
1290,34,35,SAE,17.63243635450377
1291,34,35,SAE,15.21671061126963
1292,34,35,SAE,20.35591632545026
1293,34,35,SAE,53.69459046718748
1294,34,35,SAE,21.965150093002826
1295,34,49,MAE|SAE,53.840836084825646
1296,32,36,LAE,21.630707399703034
1297,32,40,LAE,33.08212801532056
1298,32,36,LAE,31.472170015280167
1299,32,40,LAE,41.00772497103966
1300,32,36,LAE,20.6024255607787
1301,33,39,LAE|MAE,21.049585359496838
1302,33,36,LAE|MAE,23.119228158305635
1303,33,36,LAE|MAE,21.804866679601925
1304,33,52,LAE|MAE|SAE,41.11857956283056
1305,34,38,SAE,8.863570622372999
1306,34,51,MAE|SAE,49.56807397170175
1307,34,38,SAE,39.4592582402562
1308,35,39,MAE|SAE,39.19909368227407
1309,35,37,SAE,18.2689817416407
1310,35,37,SAE,15.660908678455895
1311,35,37,SAE,20.581810813558853
1312,35,38,SAE,21.262154230204743
1313,35,49,MAE|SAE,32.27770364500911
1314,35,37,SAE,35.092729473493726
1315,35,39,MAE|SAE,15.845898469694298
1316,35,49,MAE|SAE,50.452822410661234
1317,35,38,SAE,19.67141695974514
1318,35,38,SAE,23.143469837792814
1319,35,37,SAE,18.89057886924483
1320,34,38,SAE,18.97301876989156
1321,34,38,SAE,17.202795786262026
1322,34,38,SAE,27.427910672980257
1323,35,46,SAE,34.63075137514135
1324,37,38,SAE,19.537996714126546
1325,37,38,SAE,17.445237278279745
1326,37,45,LAE|MAE|SAE,29.592779904666866
1327,37,38,SAE,26.345416981017216
1328,37,38,SAE,31.47647784720831
1329,37,38,SAE,5.831591243423955
1330,37,41,MAE|SAE,19.23716414887701
1331,37,38,SAE,10.35176482961006
1332,37,52,LAE|MAE|SAE,41.03760832579396
1333,37,38,SAE,15.84813285736151
1334,37,38,SAE,9.341906618308156
1335,37,38,SAE,41.51965728219326
1336,37,38,SAE,16.796683080878267
1337,37,38,SAE,14.540509294723181
1338,37,38,SAE,14.175990558392648
1339,37,38,SAE,37.69723077719709
1340,37,38,SAE,28.582903790055017
1341,37,39,MAE|SAE,19.744140053475864
1342,37,51,MAE|SAE,33.79244894927722
1343,37,42,SAE,35.34504824337558
1344,37,38,SAE,18.145447728070327
1345,37,38,SAE,20.700748425998288
1346,37,38,SAE,21.283578112784028
1347,37,38,SAE,11.462733017487249
1348,37,38,SAE,15.566587879860005
1349,35,39,MAE|SAE,34.970696136180564
1350,36,39,LAE|MAE,19.87397602803452
1351,36,39,LAE|MAE,53.065200112288586
1352,36,48,LAE|MAE|SAE,30.05310717628373
1353,36,51,LAE|MAE|SAE,42.41824601412647
1354,37,49,MAE|SAE,41.71409478291652
1355,37,39,MAE|SAE,14.261971831685521
1356,37,39,MAE|SAE,34.50313160822362
1357,37,39,MAE|SAE,43.71350099683368
1358,37,52,LAE|MAE|SAE,36.43645295778119
1359,37,39,MAE|SAE,56.409972034011304
1360,37,39,MAE|SAE,42.24821186784625
1361,37,39,MAE|SAE,35.17221747907761
1362,38,39,MAE|SAE,40.35166817009114
1363,38,40,LAE|MAE|SAE,10.922178406044052
1364,38,39,MAE|SAE,14.82127153247943
1365,38,39,MAE|SAE,13.71583164606693
1366,38,39,MAE|SAE,15.710748942116922
1367,38,39,MAE|SAE,24.183757295182016
1368,38,39,MAE|SAE,26.96504939729093
1369,38,39,MAE|SAE,9.554017953503879
1370,38,39,MAE|SAE,13.888323269064278
1371,38,51,LAE|MAE|SAE,40.073554090589305
1372,38,39,MAE|SAE,30.041559649628383
1373,38,40,LAE|MAE|SAE,7.775095897813567
1374,38,39,MAE|SAE,40.478043460858956
1375,38,39,MAE|SAE,40.59620522166166
1376,38,39,MAE|SAE,15.269438870170642
1377,36,47,LAE|MAE,39.88993337300631
1378,36,40,LAE,48.23081820125635
1379,36,40,LAE,36.74891565040854
1380,36,52,LAE|MAE|SAE,41.224949202023545
1381,39,40,LAE|MAE,34.62119258925999
1382,39,40,LAE|MAE,14.74284497163403
1383,39,41,LAE|MAE,21.45743438660457
1384,39,40,LAE|MAE,13.008208435357277
1385,39,40,LAE|MAE,17.77569651358801
1386,39,40,LAE|MAE,15.670521738475058
1387,39,40,LAE|MAE,14.731293429297352
1388,39,41,LAE|MAE,10.822766844882588
1389,39,52,LAE|MAE|SAE,43.95201057805855
1390,39,40,LAE|MAE,7.7822893667522
1391,39,40,LAE|MAE,20.573132947997223
1392,39,51,LAE|MAE|SAE,45.932486912037476
1393,39,40,LAE|MAE,24.52205466952737
1394,39,48,LAE|MAE,30.765365548656767
1395,39,40,LAE|MAE,12.275068551654162
1396,39,40,LAE|MAE,15.028892728693748
1397,39,41,LAE|MAE,10.184900277471513
1398,39,40,LAE|MAE,11.797219293701938
1399,39,40,LAE|MAE,24.166468466622756
1400,39,52,LAE|MAE|SAE,39.72812005390264
1401,39,40,LAE|MAE,34.08142152965444
1402,39,40,LAE|MAE,10.667773013901442
1403,39,40,LAE|MAE,13.616714767923503
1404,39,40,LAE|MAE,39.62011893654042
1405,39,40,LAE|MAE,15.724191896164058
1406,37,41,MAE|SAE,13.081248700863673
1407,37,49,MAE|SAE,40.40410805149788
1408,37,41,MAE|SAE,40.39173891771822
1409,37,41,MAE|SAE,26.76917895995036
1410,38,45,MAE|SAE,30.081747472150255
1411,38,46,LAE|MAE|SAE,38.04864784679383
1412,38,41,MAE|SAE,14.665244681765442
1413,39,51,LAE|MAE|SAE,17.91128125325757
1414,39,52,LAE|MAE|SAE,14.276484843266802
1415,39,41,MAE,36.76508596913991
1416,40,41,LAE|MAE,14.830353884294324
1417,40,43,LAE|MAE,13.25261906300306
1418,40,52,LAE|MAE,34.19128905340764
1419,40,41,LAE|MAE,13.52937863401234
1420,40,44,LAE|MAE,44.40468827965741
1421,40,41,LAE|MAE,12.157690450844928
1422,40,52,LAE|MAE|SAE,44.497574185625396
1423,40,41,LAE|MAE,13.08557067304683
1424,40,41,LAE|MAE,14.198360471854008
1425,40,41,LAE|MAE,13.3067221747162
1426,40,41,LAE|MAE,10.850125439796141
1427,40,44,LAE|MAE,40.24572158677084
1428,40,41,LAE|MAE,37.63046609172146
1429,40,41,LAE|MAE,12.060440366395397
1430,40,41,LAE|MAE,19.606914074055673
1431,40,42,LAE|MAE|SAE,14.069585309268549
1432,40,52,LAE|MAE,39.47952794519384
1433,40,41,LAE|MAE,16.070033103430386
1434,40,41,LAE|MAE,10.278200782672762
1435,38,42,SAE,34.134839419728394
1436,41,51,MAE|SAE,30.700480598697034
1437,41,42,MAE|SAE,8.324414316641658
1438,41,43,MAE|SAE,41.62926161576485
1439,41,42,MAE|SAE,32.28642254484335
1440,41,50,LAE|MAE|SAE,11.14986876804542
1441,41,42,MAE|SAE,13.610777944389655
1442,41,42,MAE|SAE,11.303124182716001
1443,41,42,MAE|SAE,10.052337952277034
1444,41,50,MAE|SAE,12.225599693931915
1445,41,43,MAE|SAE,44.758544976399115
1446,41,42,MAE|SAE,14.677511430443523
1447,41,42,MAE|SAE,7.517328408024534
1448,41,42,MAE|SAE,8.002732960247233
1449,41,43,MAE|SAE,30.193364579972254
1450,41,42,MAE|SAE,53.009598599034305
1451,41,43,MAE|SAE,8.750289162514319
1452,39,44,LAE|MAE,38.14345680829878
1453,39,43,MAE,34.43470664208628
1454,40,52,LAE|MAE|SAE,16.57568623726313
1455,40,44,LAE|MAE,25.896635300436422
1456,40,52,LAE|MAE,34.54627857140214
1457,40,43,LAE|MAE,13.722046945981644
1458,40,52,LAE|MAE|SAE,33.76851071482381
1459,40,52,LAE|MAE|SAE,36.312470864839106
1460,40,43,LAE|MAE,23.59450025270476
1461,40,44,LAE|MAE,13.801389696639307
1462,40,43,LAE|MAE,56.45370300138292
1463,40,52,LAE|MAE|SAE,44.18097681321179
1464,40,52,LAE|MAE,18.629279116381078
1465,40,45,LAE|MAE|SAE,31.386282444954592
1466,40,52,LAE|MAE|SAE,37.565635370041235
1467,40,44,LAE|MAE,44.312618150181684
1468,41,45,MAE|SAE,25.760527811202643
1469,41,43,MAE,18.63799403272622
1470,41,52,LAE|MAE|SAE,15.578241564404067
1471,41,43,MAE,14.09391516295356
1472,41,43,MAE,11.097540897464233
1473,41,43,MAE,25.18235542808974
1474,42,47,LAE|MAE|SAE,14.790441916231668
1475,42,43,MAE|SAE,36.782993250533444
1476,42,45,MAE|SAE,11.221428605098414
1477,42,43,MAE|SAE,7.747021844991736
1478,42,44,LAE|MAE|SAE,7.0617220483473115
1479,42,43,MAE|SAE,14.400847397590214
1480,42,43,MAE|SAE,8.448270017868516
1481,42,44,LAE|MAE|SAE,12.934705493430462
1482,42,43,MAE|SAE,27.32498802964287
1483,42,43,MAE|SAE,7.864637099038663
1484,42,52,LAE|MAE|SAE,35.020939937539175
1485,42,43,MAE|SAE,19.24316812926511
1486,42,44,LAE|MAE|SAE,8.869003422072145
1487,42,43,MAE|SAE,11.200980236860103
1488,42,49,MAE|SAE,33.526919882567014
1489,42,43,MAE|SAE,6.627724841116606
1490,42,43,MAE|SAE,6.860548519466868
1491,40,52,LAE,45.27796730847482
1492,40,52,LAE|MAE|SAE,30.273921539386436
1493,40,52,LAE,31.90527208675009
1494,40,52,LAE,34.352959157115514
1495,40,44,LAE,29.969902621522106
1496,40,52,LAE,37.34626070921384
1497,40,52,LAE,45.35427856085018
1498,40,47,LAE|MAE,53.21400223796299
1499,40,44,LAE,30.76360540863063
1500,40,52,LAE,33.56409259335752
1501,40,48,LAE,38.78433188092619
1502,40,52,LAE,39.80047884807165
1503,40,52,LAE|MAE,34.90052376999767
1504,40,52,LAE|MAE|SAE,29.852371048324663
1505,41,52,LAE|MAE|SAE,55.50650998333327
1506,43,51,LAE|MAE|SAE,31.548563926952912
1507,43,44,LAE|MAE,19.456978364457264
1508,43,48,LAE|MAE|SAE,9.367417480962233
1509,43,44,LAE|MAE,13.84589402896693
1510,43,52,LAE|MAE|SAE,48.614285066276814
1511,43,44,LAE|MAE,18.1086391798423
1512,43,51,LAE|MAE|SAE,9.861140861587373
1513,43,52,LAE|MAE|SAE,51.82312870182841
1514,43,52,LAE|MAE|SAE,10.109133859126676
1515,43,50,LAE|MAE|SAE,36.28948664566702
1516,43,46,LAE|MAE|SAE,55.81616501725581
1517,43,49,LAE|MAE,27.569094117607193
1518,43,44,LAE|MAE,40.65723332476979
1519,43,45,LAE|MAE|SAE,9.557071783996669
1520,43,48,LAE|MAE|SAE,34.33329841572841
1521,43,44,LAE|MAE,9.619304685114646
1522,43,44,LAE|MAE,9.315294262639638
1523,43,44,LAE|MAE,26.639638417686825
1524,41,45,MAE|SAE,35.438185380990426
1525,42,45,SAE,7.348655437205712
1526,42,46,SAE,44.188534822177395
1527,43,45,MAE|SAE,33.362187367847035
1528,43,47,MAE|SAE,55.80771567403076
1529,43,47,MAE|SAE,42.013586803446
1530,43,45,MAE|SAE,34.79021837422647
1531,43,49,MAE|SAE,42.25317551654845
1532,43,52,LAE|MAE|SAE,16.73295447921604
1533,43,47,MAE|SAE,17.24503948883542
1534,43,52,LAE|MAE|SAE,30.47496888184721
1535,43,51,MAE|SAE,42.667931294432385
1536,43,47,MAE|SAE,43.54387520604931
1537,43,47,MAE|SAE,39.547566574936845
1538,43,52,LAE|MAE|SAE,22.893202532458446
1539,43,52,LAE|MAE|SAE,46.130226861645376
1540,43,47,MAE|SAE,15.037027444622911
1541,43,51,MAE|SAE,14.501851492246047
1542,43,50,MAE|SAE,10.524322468530197
1543,42,52,LAE|MAE|SAE,40.332154971185034
1544,42,46,SAE,31.22151545622291
1545,42,51,MAE|SAE,11.066908064453438
1546,42,46,SAE,43.61729416532996
1547,43,50,MAE|SAE,16.14862451133385
1548,43,47,MAE|SAE,40.48588487541225
1549,43,51,MAE|SAE,25.819223052419442
1550,43,51,MAE|SAE,36.55120437318426
1551,45,46,SAE,25.161246101935085
1552,45,49,MAE|SAE,7.40102806856927
1553,45,52,LAE|MAE|SAE,7.843678546678727
1554,45,51,LAE|MAE|SAE,5.934705001367692
1555,45,49,MAE|SAE,9.171928341594688
1556,45,50,SAE,6.058994763488079
1557,45,50,SAE,15.275147501587426
1558,45,49,MAE|SAE,14.765987251960427
1559,45,51,MAE|SAE,44.47973211222462
1560,45,51,MAE|SAE,5.92609805765238
1561,45,51,LAE|MAE|SAE,7.705898738542734
1562,45,46,SAE,7.654380483340843
1563,45,51,MAE|SAE,43.927720111519896
1564,45,46,SAE,56.73922541060528
1565,45,50,MAE|SAE,7.32086204656153
1566,45,46,SAE,11.25344078133248
1567,45,46,SAE,8.031605310464128
1568,45,46,SAE,20.720727488940476
1569,45,51,LAE|MAE|SAE,16.709101900823537
1570,45,46,SAE,23.082502585891618
1571,45,46,SAE,8.121059399246551
1572,45,52,LAE|MAE|SAE,10.238865071188142
1573,45,50,MAE|SAE,5.175381695035674
1574,45,46,SAE,19.18777561651727
1575,45,46,SAE,7.723061413176327
1576,45,52,LAE|MAE|SAE,27.174104827860955
1577,45,49,LAE|MAE|SAE,30.385402219396077
1578,45,51,SAE,5.203146829291579
1579,45,51,MAE|SAE,13.278111200174836
1580,45,46,SAE,13.050982421158057
1581,45,46,SAE,8.243741879892097
1582,45,49,MAE|SAE,9.467841516560698
1583,45,49,MAE|SAE,25.757104417714263
1584,45,46,SAE,36.74459676724059
1585,45,46,SAE,18.60703430907058
1586,45,46,SAE,10.462053746809593
1587,45,47,MAE|SAE,6.800253122714475
1588,45,46,SAE,7.393371475010326
1589,45,46,SAE,18.496616063939207
1590,45,49,LAE|MAE|SAE,4.785517047000455
1591,45,50,MAE|SAE,10.311790556411395
1592,45,46,SAE,33.0628615790204
1593,43,47,MAE,49.74663741567972
1594,43,47,MAE,25.725440166004823
1595,43,50,LAE|MAE|SAE,15.097114635698974
1596,44,52,LAE|MAE|SAE,19.371172718607852
1597,44,52,LAE|MAE|SAE,8.87516123711333
1598,44,52,LAE|MAE|SAE,8.629835049990234
1599,44,49,LAE|MAE,27.522365187808692
1600,44,48,LAE|MAE,8.77309687305428
1601,44,52,LAE|MAE,40.83805987562272
1602,44,47,LAE|MAE,8.115016488899522
1603,44,51,LAE|MAE|SAE,45.64559750749626
1604,44,52,LAE|MAE|SAE,10.849457146760562
1605,44,51,LAE|MAE|SAE,33.225129216411
1606,44,52,LAE|MAE|SAE,30.894592383530625
1607,44,47,LAE|MAE,8.482944509774873
1608,45,47,MAE|SAE,8.044965963015057
1609,45,49,LAE|MAE|SAE,10.510208541807126
1610,45,47,MAE|SAE,26.64919910867299
1611,45,47,MAE|SAE,34.86049839515576
1612,45,47,MAE|SAE,11.514387835724621
1613,45,48,LAE|MAE|SAE,19.657415967717508
1614,45,47,MAE|SAE,7.710750233109316
1615,45,47,MAE|SAE,19.058594364997
1616,45,49,LAE|MAE|SAE,13.002318476896871
1617,45,50,MAE|SAE,15.930580424087239
1618,45,50,MAE|SAE,12.770218715339421
1619,45,51,MAE|SAE,35.741240922310325
1620,45,49,MAE|SAE,7.3375697101058694
1621,45,47,MAE|SAE,50.487504267405534
1622,45,51,MAE|SAE,38.50480434762301
1623,45,47,MAE|SAE,11.769723903912407
1624,45,51,MAE|SAE,45.68772169153854
1625,45,51,MAE|SAE,38.06149765509917
1626,45,48,LAE|MAE|SAE,21.01279238053635
1627,45,52,LAE|MAE|SAE,8.402619178358567
1628,46,51,MAE|SAE,7.01336748300595
1629,46,48,LAE|MAE|SAE,23.490122457447416
1630,46,50,MAE|SAE,34.93695939673927
1631,46,47,MAE|SAE,23.960739225808112
1632,46,52,LAE|MAE|SAE,8.811192877428532
1633,46,49,MAE|SAE,26.579016814477935
1634,46,52,LAE|MAE|SAE,18.02319283000169
1635,46,47,MAE|SAE,1.4571200436530662
1636,46,51,MAE|SAE,10.99992629724465
1637,46,47,MAE|SAE,10.464552903558989
1638,46,52,LAE|MAE|SAE,9.905895276165026
1639,46,52,LAE|MAE|SAE,6.953716367259555
1640,46,50,MAE|SAE,7.221399426747967
1641,46,47,MAE|SAE,2.7456140886974474
1642,46,47,MAE|SAE,32.491518147873286
1643,46,51,MAE|SAE,36.52587234462099
1644,46,51,MAE|SAE,39.50160827208335
1645,46,50,MAE|SAE,37.00176325399418
1646,46,47,MAE|SAE,8.9436625685749
1647,46,47,MAE|SAE,8.70677469365537
1648,46,52,LAE|MAE|SAE,29.43572713468552
1649,46,50,MAE|SAE,5.466409182430398
1650,46,47,MAE|SAE,8.486068313310565
1651,46,47,MAE|SAE,4.39867560802092
1652,46,47,MAE|SAE,2.1697048767399774
1653,46,47,MAE|SAE,17.155460586884335
1654,46,52,LAE|MAE|SAE,25.521968267623116
1655,46,47,MAE|SAE,3.6172999863076454
1656,46,50,MAE|SAE,10.527679814104712
1657,46,47,MAE|SAE,33.21147551244984
1658,46,51,MAE|SAE,24.972995565036157
1659,46,50,MAE|SAE,1.8293932455120427
1660,46,47,MAE|SAE,6.525747639150037
1661,46,49,LAE|MAE|SAE,13.555012964002911
1662,46,47,MAE|SAE,29.62561456059315
1663,46,50,MAE|SAE,10.90643968463756
1664,44,52,LAE,30.658293644792433
1665,44,52,LAE,33.19339457025322
1666,44,52,LAE,18.407169100621836
1667,44,52,LAE,36.770132814408406
1668,44,52,LAE,44.233910775155536
1669,44,48,LAE,9.529206390856745
1670,44,52,LAE,38.86053693800333
1671,44,48,LAE,23.602684645067423
1672,44,52,LAE,8.445796342809588
1673,44,52,LAE,24.790791954930768
1674,44,48,LAE,8.723854066605268
1675,44,49,LAE|MAE,15.699727017604967
1676,44,48,LAE,30.13876543044586
1677,44,48,LAE,9.251112665612345
1678,44,48,LAE,31.886911908858334
1679,44,52,LAE,21.897491152274757
1680,44,48,LAE,9.098299089657342
1681,44,49,LAE|MAE,25.715067435274516
1682,44,52,LAE,26.524319630144923
1683,44,48,LAE,8.848597970078986
1684,44,52,LAE,21.071273671486722
1685,44,48,LAE,22.606646969821615
1686,44,48,LAE,15.72316223674972
1687,44,48,LAE,32.63229579153253
1688,44,48,LAE,36.98018373268614
1689,44,52,LAE,32.88743346355463
1690,44,48,LAE,17.099516184719484
1691,47,49,LAE|MAE,16.023089610045975
1692,47,49,LAE|MAE,37.86172735222253
1693,47,48,LAE|MAE,10.002205921975781
1694,47,52,LAE|MAE,11.838499959365905
1695,47,48,LAE|MAE,11.302225394731813
1696,47,52,LAE|MAE|SAE,12.592800031480452
1697,47,52,LAE|MAE,18.583347098727096
1698,47,52,LAE|MAE,6.9600346556592525
1699,47,48,LAE|MAE,18.127253737282828
1700,47,50,LAE|MAE|SAE,6.408883121030765
1701,47,52,LAE|MAE|SAE,19.807528371300986
1702,47,48,LAE|MAE,17.0344066340082
1703,47,48,LAE|MAE,6.910545056016337
1704,47,51,LAE|MAE|SAE,6.8244552780955985
1705,47,51,LAE|MAE|SAE,34.56105147440172
1706,47,51,LAE|MAE|SAE,14.144103083285122
1707,47,52,LAE|MAE,7.092323612338506
1708,47,52,LAE|MAE,7.134947610243737
1709,47,52,LAE|MAE,57.801239471538985
1710,47,51,LAE|MAE|SAE,9.35846658329135
1711,47,48,LAE|MAE,10.487114237197558
1712,47,48,LAE|MAE,13.45866060904681
1713,47,48,LAE|MAE,19.921438971001997
1714,47,48,LAE|MAE,7.7962836628952665
1715,47,48,LAE|MAE,1.5863722691868898
1716,47,48,LAE|MAE,23.21613783371532
1717,47,49,LAE|MAE,26.906761249068783
1718,47,51,LAE|MAE|SAE,6.685415289247524
1719,47,48,LAE|MAE,29.763164840893317
1720,47,52,LAE|MAE,14.646259555838746
1721,47,48,LAE|MAE,9.700697155863045
1722,47,51,LAE|MAE|SAE,5.157871864509586
1723,47,52,LAE|MAE|SAE,20.087127466454877
1724,45,49,MAE|SAE,45.304279203115165
1725,45,50,MAE|SAE,5.795830799910265
1726,45,52,LAE|MAE|SAE,6.176056344258949
1727,45,51,MAE|SAE,8.4714193694564
1728,45,49,MAE|SAE,7.108506294477458
1729,45,49,MAE|SAE,22.97346035353785
1730,45,50,MAE|SAE,50.956064804047095
1731,45,52,LAE|MAE|SAE,51.02019222543595
1732,45,49,MAE|SAE,16.47410268761985
1733,46,52,LAE|MAE|SAE,24.235494196574503
1734,46,49,MAE|SAE,7.125036250962283
1735,46,51,MAE|SAE,9.861073697107487
1736,46,50,MAE|SAE,4.752095387736515
1737,46,51,MAE|SAE,22.285136573445854
1738,46,52,LAE|MAE|SAE,15.322423196427447
1739,46,51,MAE|SAE,7.137577717011217
1740,46,49,MAE|SAE,3.049034025806324
1741,46,51,MAE|SAE,6.568805903061223
1742,46,51,MAE|SAE,18.672770101368677
1743,46,49,MAE|SAE,15.560640113776214
1744,46,51,MAE|SAE,5.231556555888592
1745,47,50,MAE|SAE,1.3053534060502852
1746,47,49,MAE,11.110185343500001
1747,47,51,MAE|SAE,33.33151897254221
1748,47,50,MAE|SAE,15.521465861243376
1749,47,52,LAE|MAE|SAE,13.806041398214214
1750,47,50,MAE|SAE,6.751691856548285
1751,47,52,LAE|MAE|SAE,2.6725061537048656
1752,47,51,MAE|SAE,1.2468367106463374
1753,47,51,MAE|SAE,1.5444663011508102
1754,47,49,MAE,6.0525778428661745
1755,47,52,LAE|MAE,13.856016015068573
1756,47,51,MAE|SAE,39.088979669468785
1757,47,49,MAE,14.995784521379704
1758,47,51,MAE|SAE,15.936843168795344
1759,47,49,MAE,26.51979206088912
1760,47,49,MAE,11.7863240084631
1761,47,52,LAE|MAE|SAE,23.035117296279534
1762,47,51,MAE|SAE,15.070904812238098
1763,47,52,LAE|MAE|SAE,28.774661939388402
1764,47,51,MAE|SAE,15.57867210940866
1765,47,49,MAE,55.26714710193674
1766,47,49,MAE,22.22803924127331
1767,47,51,MAE|SAE,6.78376031463098
1768,47,52,LAE|MAE,29.694740481156277
1769,47,51,MAE|SAE,7.371033655587528
1770,47,49,MAE,29.247537270243367
1771,47,49,MAE,29.41130158725521
1772,47,51,MAE|SAE,22.54062427906427
1773,48,49,LAE|MAE,12.289024860072498
1774,48,49,LAE|MAE,24.304506565555137
1775,48,52,LAE|MAE|SAE,35.16780936225749
1776,48,52,LAE|MAE|SAE,7.7195906052751795
1777,48,49,LAE|MAE,35.87633916386612
1778,48,52,LAE|MAE|SAE,15.656259620290582
1779,48,52,LAE|MAE|SAE,26.21185937079835
1780,48,52,LAE|MAE,17.208062557624444
1781,48,52,LAE|MAE|SAE,21.58446930553694
1782,48,49,LAE|MAE,4.702565091193507
1783,48,49,LAE|MAE,23.669563307629236
1784,48,51,LAE|MAE|SAE,43.040576971231566
1785,48,52,LAE|MAE,19.1444232538081
1786,48,49,LAE|MAE,38.05720882157528
1787,48,49,LAE|MAE,11.916605931646739
1788,48,50,LAE|MAE|SAE,13.185225676366665
1789,48,49,LAE|MAE,22.678389551772437
1790,48,52,LAE|MAE|SAE,2.6581207044700164
1791,48,52,LAE|MAE|SAE,56.184691262960605
1792,48,49,LAE|MAE,13.24247120885096
1793,48,49,LAE|MAE,18.74216200805346
1794,48,51,LAE|MAE|SAE,16.521434732859916
1795,48,49,LAE|MAE,9.259801924988539
1796,48,52,LAE|MAE,6.696111737969054
1797,48,52,LAE|MAE|SAE,12.938198688967733
1798,48,52,LAE|MAE|SAE,13.326204107489774
1799,48,52,LAE|MAE,30.251797267092215
1800,48,51,LAE|MAE|SAE,6.833054787555913
1801,48,52,LAE|MAE,25.43193076064218
1802,48,52,LAE|MAE|SAE,14.627850074196067
1803,46,50,SAE,45.38037886966814
1804,46,50,SAE,7.714859724773708
1805,46,50,SAE,11.452156339022787
1806,46,50,SAE,24.288804829013056
1807,46,50,SAE,6.966475406640306
1808,46,50,SAE,7.11663500739964
1809,46,50,SAE,2.0702717535022743
1810,46,50,SAE,15.579200239769081
1811,46,50,SAE,13.245097543298114
1812,46,50,SAE,25.598010544451824
1813,46,50,SAE,39.486571501545406
1814,46,50,SAE,10.530913132412952
1815,46,50,SAE,18.332419939523724
1816,46,50,SAE,7.0796397985777055
1817,46,50,SAE,8.367311471979
1818,46,50,SAE,37.164871821760556
1819,46,50,SAE,38.387659267754515
1820,46,50,SAE,5.621604441817578
1821,46,51,SAE,38.6194849938029
1822,46,51,SAE,19.66958412461609
1823,46,50,SAE,4.913719108952015
1824,47,51,MAE|SAE,12.914815133121598
1825,47,51,MAE|SAE,15.779925059052738
1826,47,50,MAE|SAE,13.634904763980527
1827,47,50,MAE|SAE,11.690675943959077
1828,47,51,MAE|SAE,31.482995671318438
1829,47,50,MAE|SAE,6.753627629474412
1830,47,50,MAE|SAE,1.5560387139990333
1831,47,50,MAE|SAE,11.299649381135723
1832,49,51,MAE|SAE,17.99813343452924
1833,49,51,MAE|SAE,9.375130572289557
1834,49,51,MAE|SAE,18.49807714318022
1835,49,50,MAE|SAE,1.038609345058001
1836,49,50,MAE|SAE,3.4895680394680864
1837,49,50,MAE|SAE,1.3345734040147323
1838,49,50,MAE|SAE,0.9606094404815707
1839,49,50,MAE|SAE,9.49801193555116
1840,49,52,LAE|MAE|SAE,13.639027427476542
1841,49,50,MAE|SAE,20.380859742178984
1842,49,51,MAE|SAE,6.127370872713247
1843,49,50,MAE|SAE,0.8489444681084137
1844,49,50,MAE|SAE,17.577800179736244
1845,49,50,MAE|SAE,1.033647588904322
1846,49,50,MAE|SAE,3.125943318507475
1847,49,51,MAE|SAE,3.054696749403332
1848,49,52,LAE|MAE|SAE,12.857544239482067
1849,49,50,MAE|SAE,19.2857496468079
1850,49,50,MAE|SAE,6.31231043546549
1851,49,50,MAE|SAE,12.272518877431606
1852,49,51,MAE|SAE,26.46700673736767
1853,47,51,MAE|SAE,25.868489537803264
1854,47,51,MAE|SAE,10.48103841865765
1855,47,51,MAE|SAE,14.452782737814202
1856,47,51,MAE|SAE,15.17525879429915
1857,47,51,MAE|SAE,10.777705360552037
1858,47,51,MAE|SAE,8.009231632687413
1859,47,51,MAE|SAE,31.155337510832968
1860,47,51,MAE|SAE,30.57587918959966
1861,47,51,MAE|SAE,18.05263868250973
1862,47,51,MAE|SAE,17.191642409992504
1863,47,51,MAE|SAE,26.25180978370593
1864,47,51,MAE|SAE,32.01095579055019
1865,47,51,MAE|SAE,47.57701759536429
1866,47,51,MAE|SAE,33.662149317537605
1867,47,51,MAE|SAE,9.44985642094098
1868,49,52,LAE|MAE|SAE,6.934021112878417
1869,49,51,MAE|SAE,7.268838498653876
1870,49,51,MAE|SAE,18.888102129647976
1871,49,51,MAE|SAE,26.648228793942604
1872,49,51,MAE|SAE,12.608097691466847
1873,49,51,MAE|SAE,6.8932681686102875
1874,49,51,MAE|SAE,33.5577165156884
1875,49,51,MAE|SAE,14.648759412103294
1876,49,51,MAE|SAE,12.776781746259687
1877,49,51,MAE|SAE,22.97321862609506
1878,49,51,MAE|SAE,27.503855999826804
1879,49,51,MAE|SAE,59.69866020236513
1880,49,52,LAE|MAE|SAE,4.218306699967552
1881,49,51,MAE|SAE,11.560920103945275
1882,49,51,MAE|SAE,11.775158994259282
1883,49,52,LAE|MAE|SAE,6.96480943036706
1884,49,51,MAE|SAE,4.781820359730508
1885,49,51,MAE|SAE,6.114729999031046
1886,49,51,MAE|SAE,12.19951440059863
1887,49,52,LAE|MAE|SAE,28.052665207387903
1888,49,51,MAE|SAE,1.429997004180245
1889,49,51,MAE|SAE,35.16834481832971
1890,49,52,LAE|MAE|SAE,12.004787743927087
1891,49,51,MAE|SAE,14.435216822327842
1892,49,51,MAE|SAE,17.62376174345192
1893,50,51,SAE,4.097991197011828
1894,50,51,SAE,10.96286547637707
1895,50,51,SAE,20.694848820616865
1896,50,51,SAE,13.67240616057694
1897,50,51,SAE,16.19423669237234
1898,50,51,SAE,10.378467930861735
1899,50,51,SAE,2.913334831659841
1900,50,51,SAE,4.1536940182649555
1901,50,51,SAE,14.739022208674985
1902,50,51,SAE,20.631979706650785
1903,50,51,SAE,4.885507005786903
1904,50,51,SAE,7.044545011420249
1905,50,51,SAE,7.491699809823664
1906,50,51,SAE,0.9049130537666119
1907,50,51,SAE,1.2763730327661431
1908,50,51,SAE,36.51294537866853
1909,48,52,LAE,30.644594320147668
1910,48,52,LAE,17.091303082012704
1911,48,52,LAE,37.58107584038178
1912,48,52,LAE,7.769630738547054
1913,48,52,LAE,37.78636172930704
1914,48,52,LAE,21.139562350219894
1915,48,52,LAE,17.337798989268965
1916,48,52,LAE,16.72628740639605
1917,48,52,LAE,4.556032298019872
1918,48,52,LAE,40.06555891935114
1919,48,52,LAE,14.400442518414794
1920,48,52,LAE,11.29697188375543
1921,48,52,LAE,22.212785329191718
1922,48,52,LAE,36.75597715599658
1923,48,52,LAE,39.610370665105656
1924,48,52,LAE,23.488106205219196
1925,48,52,LAE,24.52886283312331
1926,48,52,LAE,35.863797905937695
1927,48,52,LAE,29.218239678301465
1928,48,52,LAE,28.86628248623652
1929,48,52,LAE,7.12115966260925
1930,48,52,LAE,17.53668521292416
1931,48,52,LAE,7.781862488907723
1932,48,52,LAE,31.320915920608797
1933,48,52,LAE,26.01425537398594
1934,48,52,LAE,7.159995045866657
1935,48,52,LAE,23.570752197470586
1936,48,52,LAE,41.62632725872838
1937,48,52,LAE,22.544703092636222
1938,48,52,LAE,12.100388061877943
1939,48,52,LAE,16.739394706529705
1940,48,52,LAE,23.436827241479453
1941,48,52,LAE,22.009004325485325
1942,48,52,LAE,28.478201095531478
1943,48,52,LAE,39.776581073880436
1944,48,52,LAE,18.10166163097853
1945,48,52,LAE,23.773185834309096
1946,48,52,LAE,18.12752898444754
1947,48,52,LAE,17.778898150986606
1948,48,52,LAE,28.175873261945178
1949,48,52,LAE,2.7998534150844914
1950,48,52,LAE,18.220432997391445
1951,48,52,LAE,21.460771653832282
1952,48,52,LAE,6.6754123215225984
1953,48,52,LAE,37.17171307991151
1954,48,52,LAE,20.07660269529005
1955,48,52,LAE,38.69254864806157
1956,48,52,LAE,25.15732558300489
1957,48,52,LAE,37.91849129327365
1958,48,52,LAE,41.97687703513119
1959,48,52,LAE,33.238179456732915
1960,48,52,LAE,57.91080637916825
1961,48,52,LAE,17.417117603703836
1962,48,52,LAE,40.99854038857056
1963,48,52,LAE,40.62847659016737
1964,48,52,LAE,15.484596725772152
1965,48,52,LAE,19.324958786503867
1966,48,52,LAE,31.074155235613507
1967,48,52,LAE,10.290811175261474
1968,48,52,LAE,28.13733580708001
1969,48,52,LAE,17.029543644237037
1970,48,52,LAE,30.014212190841075
1971,48,52,LAE,22.023065242846627
1972,48,52,LAE,15.380939800408889
1973,48,52,LAE,14.393246174563146
1974,48,52,LAE,33.24173359606156
1975,48,52,LAE,34.456953101040355
1976,48,52,LAE,22.147164580783013
1977,48,52,LAE,53.55644442065163
1978,48,52,LAE,30.654804117077273
1979,48,52,LAE,23.11334888957763
1980,48,52,LAE,5.238059738964703
1981,49,52,LAE|MAE,15.07204127051921
1982,49,52,LAE|MAE,16.574030389262685
1983,49,52,LAE|MAE,31.059666592919307
1984,49,52,LAE|MAE,19.006974954409213
